<?xml version="1.0" encoding="UTF-8"?>
<metadata xml:lang="en"><Esri><CreaDate>20211029</CreaDate><CreaTime>13240500</CreaTime><ArcGISFormat>1.0</ArcGISFormat><SyncOnce>TRUE</SyncOnce><DataProperties><lineage><Process ToolSource="c:\program files\arcgis\pro\Resources\ArcToolbox\toolboxes\Conversion Tools.tbx\FeatureClassToFeatureClass" Date="20211029" Time="132405">FeatureClassToFeatureClass ACS_2019_5YR_TRACT_27_MINNESOTA W:\Fall2021\GIS45333\WebDev\Data ACS_2019_5YR_TRACT_27_MINNESOTA_AGE_SEX.shp # "GEOID "GEOID" true true false 11 Text 0 0,First,#,ACS_2019_5YR_TRACT_27_MINNESOTA,ACS_2019_5YR_TRACT_27_MINNESOTA.GEOID,0,11;Shape_Area "Shape_Area" false true true 8 Double 0 0,First,#,ACS_2019_5YR_TRACT_27_MINNESOTA,ACS_2019_5YR_TRACT_27_MINNESOTA.Shape_Area,-1,-1;GEOID_Data "GEOID_Data" true true false 255 Text 0 0,First,#,ACS_2019_5YR_TRACT_27_MINNESOTA,ACS_2019_5YR_TRACT_27_MINNESOTA.GEOID_Data,0,255;B01001e1 "B01001e1" true true false 8 Double 0 0,First,#,ACS_2019_5YR_TRACT_27_MINNESOTA,X01_AGE_AND_SEX.B01001e1,-1,-1;B01001m1 "B01001m1" true true false 8 Double 0 0,First,#,ACS_2019_5YR_TRACT_27_MINNESOTA,X01_AGE_AND_SEX.B01001m1,-1,-1;B01001e2 "B01001e2" true true false 8 Double 0 0,First,#,ACS_2019_5YR_TRACT_27_MINNESOTA,X01_AGE_AND_SEX.B01001e2,-1,-1;B01001m2 "B01001m2" true true false 8 Double 0 0,First,#,ACS_2019_5YR_TRACT_27_MINNESOTA,X01_AGE_AND_SEX.B01001m2,-1,-1;B01001e3 "B01001e3" true true false 8 Double 0 0,First,#,ACS_2019_5YR_TRACT_27_MINNESOTA,X01_AGE_AND_SEX.B01001e3,-1,-1;B01001m3 "B01001m3" true true false 8 Double 0 0,First,#,ACS_2019_5YR_TRACT_27_MINNESOTA,X01_AGE_AND_SEX.B01001m3,-1,-1;B01001e4 "B01001e4" true true false 8 Double 0 0,First,#,ACS_2019_5YR_TRACT_27_MINNESOTA,X01_AGE_AND_SEX.B01001e4,-1,-1;B01001m4 "B01001m4" true true false 8 Double 0 0,First,#,ACS_2019_5YR_TRACT_27_MINNESOTA,X01_AGE_AND_SEX.B01001m4,-1,-1;B01001e5 "B01001e5" true true false 8 Double 0 0,First,#,ACS_2019_5YR_TRACT_27_MINNESOTA,X01_AGE_AND_SEX.B01001e5,-1,-1;B01001m5 "B01001m5" true true false 8 Double 0 0,First,#,ACS_2019_5YR_TRACT_27_MINNESOTA,X01_AGE_AND_SEX.B01001m5,-1,-1;B01001e6 "B01001e6" true true false 8 Double 0 0,First,#,ACS_2019_5YR_TRACT_27_MINNESOTA,X01_AGE_AND_SEX.B01001e6,-1,-1;B01001m6 "B01001m6" true true false 8 Double 0 0,First,#,ACS_2019_5YR_TRACT_27_MINNESOTA,X01_AGE_AND_SEX.B01001m6,-1,-1;B01001e7 "B01001e7" true true false 8 Double 0 0,First,#,ACS_2019_5YR_TRACT_27_MINNESOTA,X01_AGE_AND_SEX.B01001e7,-1,-1;B01001m7 "B01001m7" true true false 8 Double 0 0,First,#,ACS_2019_5YR_TRACT_27_MINNESOTA,X01_AGE_AND_SEX.B01001m7,-1,-1;B01001e8 "B01001e8" true true false 8 Double 0 0,First,#,ACS_2019_5YR_TRACT_27_MINNESOTA,X01_AGE_AND_SEX.B01001e8,-1,-1;B01001m8 "B01001m8" true true false 8 Double 0 0,First,#,ACS_2019_5YR_TRACT_27_MINNESOTA,X01_AGE_AND_SEX.B01001m8,-1,-1;B01001e9 "B01001e9" true true false 8 Double 0 0,First,#,ACS_2019_5YR_TRACT_27_MINNESOTA,X01_AGE_AND_SEX.B01001e9,-1,-1;B01001m9 "B01001m9" true true false 8 Double 0 0,First,#,ACS_2019_5YR_TRACT_27_MINNESOTA,X01_AGE_AND_SEX.B01001m9,-1,-1;B01001e10 "B01001e10" true true false 8 Double 0 0,First,#,ACS_2019_5YR_TRACT_27_MINNESOTA,X01_AGE_AND_SEX.B01001e10,-1,-1;B01001m10 "B01001m10" true true false 8 Double 0 0,First,#,ACS_2019_5YR_TRACT_27_MINNESOTA,X01_AGE_AND_SEX.B01001m10,-1,-1;B01001e11 "B01001e11" true true false 8 Double 0 0,First,#,ACS_2019_5YR_TRACT_27_MINNESOTA,X01_AGE_AND_SEX.B01001e11,-1,-1;B01001m11 "B01001m11" true true false 8 Double 0 0,First,#,ACS_2019_5YR_TRACT_27_MINNESOTA,X01_AGE_AND_SEX.B01001m11,-1,-1;B01001e12 "B01001e12" true true false 8 Double 0 0,First,#,ACS_2019_5YR_TRACT_27_MINNESOTA,X01_AGE_AND_SEX.B01001e12,-1,-1;B01001m12 "B01001m12" true true false 8 Double 0 0,First,#,ACS_2019_5YR_TRACT_27_MINNESOTA,X01_AGE_AND_SEX.B01001m12,-1,-1;B01001e13 "B01001e13" true true false 8 Double 0 0,First,#,ACS_2019_5YR_TRACT_27_MINNESOTA,X01_AGE_AND_SEX.B01001e13,-1,-1;B01001m13 "B01001m13" true true false 8 Double 0 0,First,#,ACS_2019_5YR_TRACT_27_MINNESOTA,X01_AGE_AND_SEX.B01001m13,-1,-1;B01001e14 "B01001e14" true true false 8 Double 0 0,First,#,ACS_2019_5YR_TRACT_27_MINNESOTA,X01_AGE_AND_SEX.B01001e14,-1,-1;B01001m14 "B01001m14" true true false 8 Double 0 0,First,#,ACS_2019_5YR_TRACT_27_MINNESOTA,X01_AGE_AND_SEX.B01001m14,-1,-1;B01001e15 "B01001e15" true true false 8 Double 0 0,First,#,ACS_2019_5YR_TRACT_27_MINNESOTA,X01_AGE_AND_SEX.B01001e15,-1,-1;B01001m15 "B01001m15" true true false 8 Double 0 0,First,#,ACS_2019_5YR_TRACT_27_MINNESOTA,X01_AGE_AND_SEX.B01001m15,-1,-1;B01001e16 "B01001e16" true true false 8 Double 0 0,First,#,ACS_2019_5YR_TRACT_27_MINNESOTA,X01_AGE_AND_SEX.B01001e16,-1,-1;B01001m16 "B01001m16" true true false 8 Double 0 0,First,#,ACS_2019_5YR_TRACT_27_MINNESOTA,X01_AGE_AND_SEX.B01001m16,-1,-1;B01001e17 "B01001e17" true true false 8 Double 0 0,First,#,ACS_2019_5YR_TRACT_27_MINNESOTA,X01_AGE_AND_SEX.B01001e17,-1,-1;B01001m17 "B01001m17" true true false 8 Double 0 0,First,#,ACS_2019_5YR_TRACT_27_MINNESOTA,X01_AGE_AND_SEX.B01001m17,-1,-1;B01001e18 "B01001e18" true true false 8 Double 0 0,First,#,ACS_2019_5YR_TRACT_27_MINNESOTA,X01_AGE_AND_SEX.B01001e18,-1,-1;B01001m18 "B01001m18" true true false 8 Double 0 0,First,#,ACS_2019_5YR_TRACT_27_MINNESOTA,X01_AGE_AND_SEX.B01001m18,-1,-1;B01001e19 "B01001e19" true true false 8 Double 0 0,First,#,ACS_2019_5YR_TRACT_27_MINNESOTA,X01_AGE_AND_SEX.B01001e19,-1,-1;B01001m19 "B01001m19" true true false 8 Double 0 0,First,#,ACS_2019_5YR_TRACT_27_MINNESOTA,X01_AGE_AND_SEX.B01001m19,-1,-1;B01001e20 "B01001e20" true true false 8 Double 0 0,First,#,ACS_2019_5YR_TRACT_27_MINNESOTA,X01_AGE_AND_SEX.B01001e20,-1,-1;B01001m20 "B01001m20" true true false 8 Double 0 0,First,#,ACS_2019_5YR_TRACT_27_MINNESOTA,X01_AGE_AND_SEX.B01001m20,-1,-1;B01001e21 "B01001e21" true true false 8 Double 0 0,First,#,ACS_2019_5YR_TRACT_27_MINNESOTA,X01_AGE_AND_SEX.B01001e21,-1,-1;B01001m21 "B01001m21" true true false 8 Double 0 0,First,#,ACS_2019_5YR_TRACT_27_MINNESOTA,X01_AGE_AND_SEX.B01001m21,-1,-1;B01001e22 "B01001e22" true true false 8 Double 0 0,First,#,ACS_2019_5YR_TRACT_27_MINNESOTA,X01_AGE_AND_SEX.B01001e22,-1,-1;B01001m22 "B01001m22" true true false 8 Double 0 0,First,#,ACS_2019_5YR_TRACT_27_MINNESOTA,X01_AGE_AND_SEX.B01001m22,-1,-1;B01001e23 "B01001e23" true true false 8 Double 0 0,First,#,ACS_2019_5YR_TRACT_27_MINNESOTA,X01_AGE_AND_SEX.B01001e23,-1,-1;B01001m23 "B01001m23" true true false 8 Double 0 0,First,#,ACS_2019_5YR_TRACT_27_MINNESOTA,X01_AGE_AND_SEX.B01001m23,-1,-1;B01001e24 "B01001e24" true true false 8 Double 0 0,First,#,ACS_2019_5YR_TRACT_27_MINNESOTA,X01_AGE_AND_SEX.B01001e24,-1,-1;B01001m24 "B01001m24" true true false 8 Double 0 0,First,#,ACS_2019_5YR_TRACT_27_MINNESOTA,X01_AGE_AND_SEX.B01001m24,-1,-1;B01001e25 "B01001e25" true true false 8 Double 0 0,First,#,ACS_2019_5YR_TRACT_27_MINNESOTA,X01_AGE_AND_SEX.B01001e25,-1,-1;B01001m25 "B01001m25" true true false 8 Double 0 0,First,#,ACS_2019_5YR_TRACT_27_MINNESOTA,X01_AGE_AND_SEX.B01001m25,-1,-1;B01001e26 "B01001e26" true true false 8 Double 0 0,First,#,ACS_2019_5YR_TRACT_27_MINNESOTA,X01_AGE_AND_SEX.B01001e26,-1,-1;B01001m26 "B01001m26" true true false 8 Double 0 0,First,#,ACS_2019_5YR_TRACT_27_MINNESOTA,X01_AGE_AND_SEX.B01001m26,-1,-1;B01001e27 "B01001e27" true true false 8 Double 0 0,First,#,ACS_2019_5YR_TRACT_27_MINNESOTA,X01_AGE_AND_SEX.B01001e27,-1,-1;B01001m27 "B01001m27" true true false 8 Double 0 0,First,#,ACS_2019_5YR_TRACT_27_MINNESOTA,X01_AGE_AND_SEX.B01001m27,-1,-1;B01001e28 "B01001e28" true true false 8 Double 0 0,First,#,ACS_2019_5YR_TRACT_27_MINNESOTA,X01_AGE_AND_SEX.B01001e28,-1,-1;B01001m28 "B01001m28" true true false 8 Double 0 0,First,#,ACS_2019_5YR_TRACT_27_MINNESOTA,X01_AGE_AND_SEX.B01001m28,-1,-1;B01001e29 "B01001e29" true true false 8 Double 0 0,First,#,ACS_2019_5YR_TRACT_27_MINNESOTA,X01_AGE_AND_SEX.B01001e29,-1,-1;B01001m29 "B01001m29" true true false 8 Double 0 0,First,#,ACS_2019_5YR_TRACT_27_MINNESOTA,X01_AGE_AND_SEX.B01001m29,-1,-1;B01001e30 "B01001e30" true true false 8 Double 0 0,First,#,ACS_2019_5YR_TRACT_27_MINNESOTA,X01_AGE_AND_SEX.B01001e30,-1,-1;B01001m30 "B01001m30" true true false 8 Double 0 0,First,#,ACS_2019_5YR_TRACT_27_MINNESOTA,X01_AGE_AND_SEX.B01001m30,-1,-1;B01001e31 "B01001e31" true true false 8 Double 0 0,First,#,ACS_2019_5YR_TRACT_27_MINNESOTA,X01_AGE_AND_SEX.B01001e31,-1,-1;B01001m31 "B01001m31" true true false 8 Double 0 0,First,#,ACS_2019_5YR_TRACT_27_MINNESOTA,X01_AGE_AND_SEX.B01001m31,-1,-1;B01001e32 "B01001e32" true true false 8 Double 0 0,First,#,ACS_2019_5YR_TRACT_27_MINNESOTA,X01_AGE_AND_SEX.B01001e32,-1,-1;B01001m32 "B01001m32" true true false 8 Double 0 0,First,#,ACS_2019_5YR_TRACT_27_MINNESOTA,X01_AGE_AND_SEX.B01001m32,-1,-1;B01001e33 "B01001e33" true true false 8 Double 0 0,First,#,ACS_2019_5YR_TRACT_27_MINNESOTA,X01_AGE_AND_SEX.B01001e33,-1,-1;B01001m33 "B01001m33" true true false 8 Double 0 0,First,#,ACS_2019_5YR_TRACT_27_MINNESOTA,X01_AGE_AND_SEX.B01001m33,-1,-1;B01001e34 "B01001e34" true true false 8 Double 0 0,First,#,ACS_2019_5YR_TRACT_27_MINNESOTA,X01_AGE_AND_SEX.B01001e34,-1,-1;B01001m34 "B01001m34" true true false 8 Double 0 0,First,#,ACS_2019_5YR_TRACT_27_MINNESOTA,X01_AGE_AND_SEX.B01001m34,-1,-1;B01001e35 "B01001e35" true true false 8 Double 0 0,First,#,ACS_2019_5YR_TRACT_27_MINNESOTA,X01_AGE_AND_SEX.B01001e35,-1,-1;B01001m35 "B01001m35" true true false 8 Double 0 0,First,#,ACS_2019_5YR_TRACT_27_MINNESOTA,X01_AGE_AND_SEX.B01001m35,-1,-1;B01001e36 "B01001e36" true true false 8 Double 0 0,First,#,ACS_2019_5YR_TRACT_27_MINNESOTA,X01_AGE_AND_SEX.B01001e36,-1,-1;B01001m36 "B01001m36" true true false 8 Double 0 0,First,#,ACS_2019_5YR_TRACT_27_MINNESOTA,X01_AGE_AND_SEX.B01001m36,-1,-1;B01001e37 "B01001e37" true true false 8 Double 0 0,First,#,ACS_2019_5YR_TRACT_27_MINNESOTA,X01_AGE_AND_SEX.B01001e37,-1,-1;B01001m37 "B01001m37" true true false 8 Double 0 0,First,#,ACS_2019_5YR_TRACT_27_MINNESOTA,X01_AGE_AND_SEX.B01001m37,-1,-1;B01001e38 "B01001e38" true true false 8 Double 0 0,First,#,ACS_2019_5YR_TRACT_27_MINNESOTA,X01_AGE_AND_SEX.B01001e38,-1,-1;B01001m38 "B01001m38" true true false 8 Double 0 0,First,#,ACS_2019_5YR_TRACT_27_MINNESOTA,X01_AGE_AND_SEX.B01001m38,-1,-1;B01001e39 "B01001e39" true true false 8 Double 0 0,First,#,ACS_2019_5YR_TRACT_27_MINNESOTA,X01_AGE_AND_SEX.B01001e39,-1,-1;B01001m39 "B01001m39" true true false 8 Double 0 0,First,#,ACS_2019_5YR_TRACT_27_MINNESOTA,X01_AGE_AND_SEX.B01001m39,-1,-1;B01001e40 "B01001e40" true true false 8 Double 0 0,First,#,ACS_2019_5YR_TRACT_27_MINNESOTA,X01_AGE_AND_SEX.B01001e40,-1,-1;B01001m40 "B01001m40" true true false 8 Double 0 0,First,#,ACS_2019_5YR_TRACT_27_MINNESOTA,X01_AGE_AND_SEX.B01001m40,-1,-1;B01001e41 "B01001e41" true true false 8 Double 0 0,First,#,ACS_2019_5YR_TRACT_27_MINNESOTA,X01_AGE_AND_SEX.B01001e41,-1,-1;B01001m41 "B01001m41" true true false 8 Double 0 0,First,#,ACS_2019_5YR_TRACT_27_MINNESOTA,X01_AGE_AND_SEX.B01001m41,-1,-1;B01001e42 "B01001e42" true true false 8 Double 0 0,First,#,ACS_2019_5YR_TRACT_27_MINNESOTA,X01_AGE_AND_SEX.B01001e42,-1,-1;B01001m42 "B01001m42" true true false 8 Double 0 0,First,#,ACS_2019_5YR_TRACT_27_MINNESOTA,X01_AGE_AND_SEX.B01001m42,-1,-1;B01001e43 "B01001e43" true true false 8 Double 0 0,First,#,ACS_2019_5YR_TRACT_27_MINNESOTA,X01_AGE_AND_SEX.B01001e43,-1,-1;B01001m43 "B01001m43" true true false 8 Double 0 0,First,#,ACS_2019_5YR_TRACT_27_MINNESOTA,X01_AGE_AND_SEX.B01001m43,-1,-1;B01001e44 "B01001e44" true true false 8 Double 0 0,First,#,ACS_2019_5YR_TRACT_27_MINNESOTA,X01_AGE_AND_SEX.B01001e44,-1,-1;B01001m44 "B01001m44" true true false 8 Double 0 0,First,#,ACS_2019_5YR_TRACT_27_MINNESOTA,X01_AGE_AND_SEX.B01001m44,-1,-1;B01001e45 "B01001e45" true true false 8 Double 0 0,First,#,ACS_2019_5YR_TRACT_27_MINNESOTA,X01_AGE_AND_SEX.B01001e45,-1,-1;B01001m45 "B01001m45" true true false 8 Double 0 0,First,#,ACS_2019_5YR_TRACT_27_MINNESOTA,X01_AGE_AND_SEX.B01001m45,-1,-1;B01001e46 "B01001e46" true true false 8 Double 0 0,First,#,ACS_2019_5YR_TRACT_27_MINNESOTA,X01_AGE_AND_SEX.B01001e46,-1,-1;B01001m46 "B01001m46" true true false 8 Double 0 0,First,#,ACS_2019_5YR_TRACT_27_MINNESOTA,X01_AGE_AND_SEX.B01001m46,-1,-1;B01001e47 "B01001e47" true true false 8 Double 0 0,First,#,ACS_2019_5YR_TRACT_27_MINNESOTA,X01_AGE_AND_SEX.B01001e47,-1,-1;B01001m47 "B01001m47" true true false 8 Double 0 0,First,#,ACS_2019_5YR_TRACT_27_MINNESOTA,X01_AGE_AND_SEX.B01001m47,-1,-1;B01001e48 "B01001e48" true true false 8 Double 0 0,First,#,ACS_2019_5YR_TRACT_27_MINNESOTA,X01_AGE_AND_SEX.B01001e48,-1,-1;B01001m48 "B01001m48" true true false 8 Double 0 0,First,#,ACS_2019_5YR_TRACT_27_MINNESOTA,X01_AGE_AND_SEX.B01001m48,-1,-1;B01001e49 "B01001e49" true true false 8 Double 0 0,First,#,ACS_2019_5YR_TRACT_27_MINNESOTA,X01_AGE_AND_SEX.B01001e49,-1,-1;B01001m49 "B01001m49" true true false 8 Double 0 0,First,#,ACS_2019_5YR_TRACT_27_MINNESOTA,X01_AGE_AND_SEX.B01001m49,-1,-1;B01001Ae1 "B01001Ae1" true true false 8 Double 0 0,First,#,ACS_2019_5YR_TRACT_27_MINNESOTA,X01_AGE_AND_SEX.B01001Ae1,-1,-1;B01001Am1 "B01001Am1" true true false 8 Double 0 0,First,#,ACS_2019_5YR_TRACT_27_MINNESOTA,X01_AGE_AND_SEX.B01001Am1,-1,-1;B01001Ae2 "B01001Ae2" true true false 8 Double 0 0,First,#,ACS_2019_5YR_TRACT_27_MINNESOTA,X01_AGE_AND_SEX.B01001Ae2,-1,-1;B01001Am2 "B01001Am2" true true false 8 Double 0 0,First,#,ACS_2019_5YR_TRACT_27_MINNESOTA,X01_AGE_AND_SEX.B01001Am2,-1,-1;B01001Ae3 "B01001Ae3" true true false 8 Double 0 0,First,#,ACS_2019_5YR_TRACT_27_MINNESOTA,X01_AGE_AND_SEX.B01001Ae3,-1,-1;B01001Am3 "B01001Am3" true true false 8 Double 0 0,First,#,ACS_2019_5YR_TRACT_27_MINNESOTA,X01_AGE_AND_SEX.B01001Am3,-1,-1;B01001Ae4 "B01001Ae4" true true false 8 Double 0 0,First,#,ACS_2019_5YR_TRACT_27_MINNESOTA,X01_AGE_AND_SEX.B01001Ae4,-1,-1;B01001Am4 "B01001Am4" true true false 8 Double 0 0,First,#,ACS_2019_5YR_TRACT_27_MINNESOTA,X01_AGE_AND_SEX.B01001Am4,-1,-1;B01001Ae5 "B01001Ae5" true true false 8 Double 0 0,First,#,ACS_2019_5YR_TRACT_27_MINNESOTA,X01_AGE_AND_SEX.B01001Ae5,-1,-1;B01001Am5 "B01001Am5" true true false 8 Double 0 0,First,#,ACS_2019_5YR_TRACT_27_MINNESOTA,X01_AGE_AND_SEX.B01001Am5,-1,-1;B01001Ae6 "B01001Ae6" true true false 8 Double 0 0,First,#,ACS_2019_5YR_TRACT_27_MINNESOTA,X01_AGE_AND_SEX.B01001Ae6,-1,-1;B01001Am6 "B01001Am6" true true false 8 Double 0 0,First,#,ACS_2019_5YR_TRACT_27_MINNESOTA,X01_AGE_AND_SEX.B01001Am6,-1,-1;B01001Ae7 "B01001Ae7" true true false 8 Double 0 0,First,#,ACS_2019_5YR_TRACT_27_MINNESOTA,X01_AGE_AND_SEX.B01001Ae7,-1,-1;B01001Am7 "B01001Am7" true true false 8 Double 0 0,First,#,ACS_2019_5YR_TRACT_27_MINNESOTA,X01_AGE_AND_SEX.B01001Am7,-1,-1;B01001Ae8 "B01001Ae8" true true false 8 Double 0 0,First,#,ACS_2019_5YR_TRACT_27_MINNESOTA,X01_AGE_AND_SEX.B01001Ae8,-1,-1;B01001Am8 "B01001Am8" true true false 8 Double 0 0,First,#,ACS_2019_5YR_TRACT_27_MINNESOTA,X01_AGE_AND_SEX.B01001Am8,-1,-1;B01001Ae9 "B01001Ae9" true true false 8 Double 0 0,First,#,ACS_2019_5YR_TRACT_27_MINNESOTA,X01_AGE_AND_SEX.B01001Ae9,-1,-1;B01001Am9 "B01001Am9" true true false 8 Double 0 0,First,#,ACS_2019_5YR_TRACT_27_MINNESOTA,X01_AGE_AND_SEX.B01001Am9,-1,-1;B01001Ae10 "B01001Ae10" true true false 8 Double 0 0,First,#,ACS_2019_5YR_TRACT_27_MINNESOTA,X01_AGE_AND_SEX.B01001Ae10,-1,-1;B01001Am10 "B01001Am10" true true false 8 Double 0 0,First,#,ACS_2019_5YR_TRACT_27_MINNESOTA,X01_AGE_AND_SEX.B01001Am10,-1,-1;B01001Ae11 "B01001Ae11" true true false 8 Double 0 0,First,#,ACS_2019_5YR_TRACT_27_MINNESOTA,X01_AGE_AND_SEX.B01001Ae11,-1,-1;B01001Am11 "B01001Am11" true true false 8 Double 0 0,First,#,ACS_2019_5YR_TRACT_27_MINNESOTA,X01_AGE_AND_SEX.B01001Am11,-1,-1;B01001Ae12 "B01001Ae12" true true false 8 Double 0 0,First,#,ACS_2019_5YR_TRACT_27_MINNESOTA,X01_AGE_AND_SEX.B01001Ae12,-1,-1;B01001Am12 "B01001Am12" true true false 8 Double 0 0,First,#,ACS_2019_5YR_TRACT_27_MINNESOTA,X01_AGE_AND_SEX.B01001Am12,-1,-1;B01001Ae13 "B01001Ae13" true true false 8 Double 0 0,First,#,ACS_2019_5YR_TRACT_27_MINNESOTA,X01_AGE_AND_SEX.B01001Ae13,-1,-1;B01001Am13 "B01001Am13" true true false 8 Double 0 0,First,#,ACS_2019_5YR_TRACT_27_MINNESOTA,X01_AGE_AND_SEX.B01001Am13,-1,-1;B01001Ae14 "B01001Ae14" true true false 8 Double 0 0,First,#,ACS_2019_5YR_TRACT_27_MINNESOTA,X01_AGE_AND_SEX.B01001Ae14,-1,-1;B01001Am14 "B01001Am14" true true false 8 Double 0 0,First,#,ACS_2019_5YR_TRACT_27_MINNESOTA,X01_AGE_AND_SEX.B01001Am14,-1,-1;B01001Ae15 "B01001Ae15" true true false 8 Double 0 0,First,#,ACS_2019_5YR_TRACT_27_MINNESOTA,X01_AGE_AND_SEX.B01001Ae15,-1,-1;B01001Am15 "B01001Am15" true true false 8 Double 0 0,First,#,ACS_2019_5YR_TRACT_27_MINNESOTA,X01_AGE_AND_SEX.B01001Am15,-1,-1;B01001Ae16 "B01001Ae16" true true false 8 Double 0 0,First,#,ACS_2019_5YR_TRACT_27_MINNESOTA,X01_AGE_AND_SEX.B01001Ae16,-1,-1;B01001Am16 "B01001Am16" true true false 8 Double 0 0,First,#,ACS_2019_5YR_TRACT_27_MINNESOTA,X01_AGE_AND_SEX.B01001Am16,-1,-1;B01001Ae17 "B01001Ae17" true true false 8 Double 0 0,First,#,ACS_2019_5YR_TRACT_27_MINNESOTA,X01_AGE_AND_SEX.B01001Ae17,-1,-1;B01001Am17 "B01001Am17" true true false 8 Double 0 0,First,#,ACS_2019_5YR_TRACT_27_MINNESOTA,X01_AGE_AND_SEX.B01001Am17,-1,-1;B01001Ae18 "B01001Ae18" true true false 8 Double 0 0,First,#,ACS_2019_5YR_TRACT_27_MINNESOTA,X01_AGE_AND_SEX.B01001Ae18,-1,-1;B01001Am18 "B01001Am18" true true false 8 Double 0 0,First,#,ACS_2019_5YR_TRACT_27_MINNESOTA,X01_AGE_AND_SEX.B01001Am18,-1,-1;B01001Ae19 "B01001Ae19" true true false 8 Double 0 0,First,#,ACS_2019_5YR_TRACT_27_MINNESOTA,X01_AGE_AND_SEX.B01001Ae19,-1,-1;B01001Am19 "B01001Am19" true true false 8 Double 0 0,First,#,ACS_2019_5YR_TRACT_27_MINNESOTA,X01_AGE_AND_SEX.B01001Am19,-1,-1;B01001Ae20 "B01001Ae20" true true false 8 Double 0 0,First,#,ACS_2019_5YR_TRACT_27_MINNESOTA,X01_AGE_AND_SEX.B01001Ae20,-1,-1;B01001Am20 "B01001Am20" true true false 8 Double 0 0,First,#,ACS_2019_5YR_TRACT_27_MINNESOTA,X01_AGE_AND_SEX.B01001Am20,-1,-1;B01001Ae21 "B01001Ae21" true true false 8 Double 0 0,First,#,ACS_2019_5YR_TRACT_27_MINNESOTA,X01_AGE_AND_SEX.B01001Ae21,-1,-1;B01001Am21 "B01001Am21" true true false 8 Double 0 0,First,#,ACS_2019_5YR_TRACT_27_MINNESOTA,X01_AGE_AND_SEX.B01001Am21,-1,-1;B01001Ae22 "B01001Ae22" true true false 8 Double 0 0,First,#,ACS_2019_5YR_TRACT_27_MINNESOTA,X01_AGE_AND_SEX.B01001Ae22,-1,-1;B01001Am22 "B01001Am22" true true false 8 Double 0 0,First,#,ACS_2019_5YR_TRACT_27_MINNESOTA,X01_AGE_AND_SEX.B01001Am22,-1,-1;B01001Ae23 "B01001Ae23" true true false 8 Double 0 0,First,#,ACS_2019_5YR_TRACT_27_MINNESOTA,X01_AGE_AND_SEX.B01001Ae23,-1,-1;B01001Am23 "B01001Am23" true true false 8 Double 0 0,First,#,ACS_2019_5YR_TRACT_27_MINNESOTA,X01_AGE_AND_SEX.B01001Am23,-1,-1;B01001Ae24 "B01001Ae24" true true false 8 Double 0 0,First,#,ACS_2019_5YR_TRACT_27_MINNESOTA,X01_AGE_AND_SEX.B01001Ae24,-1,-1;B01001Am24 "B01001Am24" true true false 8 Double 0 0,First,#,ACS_2019_5YR_TRACT_27_MINNESOTA,X01_AGE_AND_SEX.B01001Am24,-1,-1;B01001Ae25 "B01001Ae25" true true false 8 Double 0 0,First,#,ACS_2019_5YR_TRACT_27_MINNESOTA,X01_AGE_AND_SEX.B01001Ae25,-1,-1;B01001Am25 "B01001Am25" true true false 8 Double 0 0,First,#,ACS_2019_5YR_TRACT_27_MINNESOTA,X01_AGE_AND_SEX.B01001Am25,-1,-1;B01001Ae26 "B01001Ae26" true true false 8 Double 0 0,First,#,ACS_2019_5YR_TRACT_27_MINNESOTA,X01_AGE_AND_SEX.B01001Ae26,-1,-1;B01001Am26 "B01001Am26" true true false 8 Double 0 0,First,#,ACS_2019_5YR_TRACT_27_MINNESOTA,X01_AGE_AND_SEX.B01001Am26,-1,-1;B01001Ae27 "B01001Ae27" true true false 8 Double 0 0,First,#,ACS_2019_5YR_TRACT_27_MINNESOTA,X01_AGE_AND_SEX.B01001Ae27,-1,-1;B01001Am27 "B01001Am27" true true false 8 Double 0 0,First,#,ACS_2019_5YR_TRACT_27_MINNESOTA,X01_AGE_AND_SEX.B01001Am27,-1,-1;B01001Ae28 "B01001Ae28" true true false 8 Double 0 0,First,#,ACS_2019_5YR_TRACT_27_MINNESOTA,X01_AGE_AND_SEX.B01001Ae28,-1,-1;B01001Am28 "B01001Am28" true true false 8 Double 0 0,First,#,ACS_2019_5YR_TRACT_27_MINNESOTA,X01_AGE_AND_SEX.B01001Am28,-1,-1;B01001Ae29 "B01001Ae29" true true false 8 Double 0 0,First,#,ACS_2019_5YR_TRACT_27_MINNESOTA,X01_AGE_AND_SEX.B01001Ae29,-1,-1;B01001Am29 "B01001Am29" true true false 8 Double 0 0,First,#,ACS_2019_5YR_TRACT_27_MINNESOTA,X01_AGE_AND_SEX.B01001Am29,-1,-1;B01001Ae30 "B01001Ae30" true true false 8 Double 0 0,First,#,ACS_2019_5YR_TRACT_27_MINNESOTA,X01_AGE_AND_SEX.B01001Ae30,-1,-1;B01001Am30 "B01001Am30" true true false 8 Double 0 0,First,#,ACS_2019_5YR_TRACT_27_MINNESOTA,X01_AGE_AND_SEX.B01001Am30,-1,-1;B01001Ae31 "B01001Ae31" true true false 8 Double 0 0,First,#,ACS_2019_5YR_TRACT_27_MINNESOTA,X01_AGE_AND_SEX.B01001Ae31,-1,-1;B01001Am31 "B01001Am31" true true false 8 Double 0 0,First,#,ACS_2019_5YR_TRACT_27_MINNESOTA,X01_AGE_AND_SEX.B01001Am31,-1,-1;B01001Be1 "B01001Be1" true true false 8 Double 0 0,First,#,ACS_2019_5YR_TRACT_27_MINNESOTA,X01_AGE_AND_SEX.B01001Be1,-1,-1;B01001Bm1 "B01001Bm1" true true false 8 Double 0 0,First,#,ACS_2019_5YR_TRACT_27_MINNESOTA,X01_AGE_AND_SEX.B01001Bm1,-1,-1;B01001Be2 "B01001Be2" true true false 8 Double 0 0,First,#,ACS_2019_5YR_TRACT_27_MINNESOTA,X01_AGE_AND_SEX.B01001Be2,-1,-1;B01001Bm2 "B01001Bm2" true true false 8 Double 0 0,First,#,ACS_2019_5YR_TRACT_27_MINNESOTA,X01_AGE_AND_SEX.B01001Bm2,-1,-1;B01001Be3 "B01001Be3" true true false 8 Double 0 0,First,#,ACS_2019_5YR_TRACT_27_MINNESOTA,X01_AGE_AND_SEX.B01001Be3,-1,-1;B01001Bm3 "B01001Bm3" true true false 8 Double 0 0,First,#,ACS_2019_5YR_TRACT_27_MINNESOTA,X01_AGE_AND_SEX.B01001Bm3,-1,-1;B01001Be4 "B01001Be4" true true false 8 Double 0 0,First,#,ACS_2019_5YR_TRACT_27_MINNESOTA,X01_AGE_AND_SEX.B01001Be4,-1,-1;B01001Bm4 "B01001Bm4" true true false 8 Double 0 0,First,#,ACS_2019_5YR_TRACT_27_MINNESOTA,X01_AGE_AND_SEX.B01001Bm4,-1,-1;B01001Be5 "B01001Be5" true true false 8 Double 0 0,First,#,ACS_2019_5YR_TRACT_27_MINNESOTA,X01_AGE_AND_SEX.B01001Be5,-1,-1;B01001Bm5 "B01001Bm5" true true false 8 Double 0 0,First,#,ACS_2019_5YR_TRACT_27_MINNESOTA,X01_AGE_AND_SEX.B01001Bm5,-1,-1;B01001Be6 "B01001Be6" true true false 8 Double 0 0,First,#,ACS_2019_5YR_TRACT_27_MINNESOTA,X01_AGE_AND_SEX.B01001Be6,-1,-1;B01001Bm6 "B01001Bm6" true true false 8 Double 0 0,First,#,ACS_2019_5YR_TRACT_27_MINNESOTA,X01_AGE_AND_SEX.B01001Bm6,-1,-1;B01001Be7 "B01001Be7" true true false 8 Double 0 0,First,#,ACS_2019_5YR_TRACT_27_MINNESOTA,X01_AGE_AND_SEX.B01001Be7,-1,-1;B01001Bm7 "B01001Bm7" true true false 8 Double 0 0,First,#,ACS_2019_5YR_TRACT_27_MINNESOTA,X01_AGE_AND_SEX.B01001Bm7,-1,-1;B01001Be8 "B01001Be8" true true false 8 Double 0 0,First,#,ACS_2019_5YR_TRACT_27_MINNESOTA,X01_AGE_AND_SEX.B01001Be8,-1,-1;B01001Bm8 "B01001Bm8" true true false 8 Double 0 0,First,#,ACS_2019_5YR_TRACT_27_MINNESOTA,X01_AGE_AND_SEX.B01001Bm8,-1,-1;B01001Be9 "B01001Be9" true true false 8 Double 0 0,First,#,ACS_2019_5YR_TRACT_27_MINNESOTA,X01_AGE_AND_SEX.B01001Be9,-1,-1;B01001Bm9 "B01001Bm9" true true false 8 Double 0 0,First,#,ACS_2019_5YR_TRACT_27_MINNESOTA,X01_AGE_AND_SEX.B01001Bm9,-1,-1;B01001Be10 "B01001Be10" true true false 8 Double 0 0,First,#,ACS_2019_5YR_TRACT_27_MINNESOTA,X01_AGE_AND_SEX.B01001Be10,-1,-1;B01001Bm10 "B01001Bm10" true true false 8 Double 0 0,First,#,ACS_2019_5YR_TRACT_27_MINNESOTA,X01_AGE_AND_SEX.B01001Bm10,-1,-1;B01001Be11 "B01001Be11" true true false 8 Double 0 0,First,#,ACS_2019_5YR_TRACT_27_MINNESOTA,X01_AGE_AND_SEX.B01001Be11,-1,-1;B01001Bm11 "B01001Bm11" true true false 8 Double 0 0,First,#,ACS_2019_5YR_TRACT_27_MINNESOTA,X01_AGE_AND_SEX.B01001Bm11,-1,-1;B01001Be12 "B01001Be12" true true false 8 Double 0 0,First,#,ACS_2019_5YR_TRACT_27_MINNESOTA,X01_AGE_AND_SEX.B01001Be12,-1,-1;B01001Bm12 "B01001Bm12" true true false 8 Double 0 0,First,#,ACS_2019_5YR_TRACT_27_MINNESOTA,X01_AGE_AND_SEX.B01001Bm12,-1,-1;B01001Be13 "B01001Be13" true true false 8 Double 0 0,First,#,ACS_2019_5YR_TRACT_27_MINNESOTA,X01_AGE_AND_SEX.B01001Be13,-1,-1;B01001Bm13 "B01001Bm13" true true false 8 Double 0 0,First,#,ACS_2019_5YR_TRACT_27_MINNESOTA,X01_AGE_AND_SEX.B01001Bm13,-1,-1;B01001Be14 "B01001Be14" true true false 8 Double 0 0,First,#,ACS_2019_5YR_TRACT_27_MINNESOTA,X01_AGE_AND_SEX.B01001Be14,-1,-1;B01001Bm14 "B01001Bm14" true true false 8 Double 0 0,First,#,ACS_2019_5YR_TRACT_27_MINNESOTA,X01_AGE_AND_SEX.B01001Bm14,-1,-1;B01001Be15 "B01001Be15" true true false 8 Double 0 0,First,#,ACS_2019_5YR_TRACT_27_MINNESOTA,X01_AGE_AND_SEX.B01001Be15,-1,-1;B01001Bm15 "B01001Bm15" true true false 8 Double 0 0,First,#,ACS_2019_5YR_TRACT_27_MINNESOTA,X01_AGE_AND_SEX.B01001Bm15,-1,-1;B01001Be16 "B01001Be16" true true false 8 Double 0 0,First,#,ACS_2019_5YR_TRACT_27_MINNESOTA,X01_AGE_AND_SEX.B01001Be16,-1,-1;B01001Bm16 "B01001Bm16" true true false 8 Double 0 0,First,#,ACS_2019_5YR_TRACT_27_MINNESOTA,X01_AGE_AND_SEX.B01001Bm16,-1,-1;B01001Be17 "B01001Be17" true true false 8 Double 0 0,First,#,ACS_2019_5YR_TRACT_27_MINNESOTA,X01_AGE_AND_SEX.B01001Be17,-1,-1;B01001Bm17 "B01001Bm17" true true false 8 Double 0 0,First,#,ACS_2019_5YR_TRACT_27_MINNESOTA,X01_AGE_AND_SEX.B01001Bm17,-1,-1;B01001Be18 "B01001Be18" true true false 8 Double 0 0,First,#,ACS_2019_5YR_TRACT_27_MINNESOTA,X01_AGE_AND_SEX.B01001Be18,-1,-1;B01001Bm18 "B01001Bm18" true true false 8 Double 0 0,First,#,ACS_2019_5YR_TRACT_27_MINNESOTA,X01_AGE_AND_SEX.B01001Bm18,-1,-1;B01001Be19 "B01001Be19" true true false 8 Double 0 0,First,#,ACS_2019_5YR_TRACT_27_MINNESOTA,X01_AGE_AND_SEX.B01001Be19,-1,-1;B01001Bm19 "B01001Bm19" true true false 8 Double 0 0,First,#,ACS_2019_5YR_TRACT_27_MINNESOTA,X01_AGE_AND_SEX.B01001Bm19,-1,-1;B01001Be20 "B01001Be20" true true false 8 Double 0 0,First,#,ACS_2019_5YR_TRACT_27_MINNESOTA,X01_AGE_AND_SEX.B01001Be20,-1,-1;B01001Bm20 "B01001Bm20" true true false 8 Double 0 0,First,#,ACS_2019_5YR_TRACT_27_MINNESOTA,X01_AGE_AND_SEX.B01001Bm20,-1,-1;B01001Be21 "B01001Be21" true true false 8 Double 0 0,First,#,ACS_2019_5YR_TRACT_27_MINNESOTA,X01_AGE_AND_SEX.B01001Be21,-1,-1;B01001Bm21 "B01001Bm21" true true false 8 Double 0 0,First,#,ACS_2019_5YR_TRACT_27_MINNESOTA,X01_AGE_AND_SEX.B01001Bm21,-1,-1;B01001Be22 "B01001Be22" true true false 8 Double 0 0,First,#,ACS_2019_5YR_TRACT_27_MINNESOTA,X01_AGE_AND_SEX.B01001Be22,-1,-1;B01001Bm22 "B01001Bm22" true true false 8 Double 0 0,First,#,ACS_2019_5YR_TRACT_27_MINNESOTA,X01_AGE_AND_SEX.B01001Bm22,-1,-1;B01001Be23 "B01001Be23" true true false 8 Double 0 0,First,#,ACS_2019_5YR_TRACT_27_MINNESOTA,X01_AGE_AND_SEX.B01001Be23,-1,-1;B01001Bm23 "B01001Bm23" true true false 8 Double 0 0,First,#,ACS_2019_5YR_TRACT_27_MINNESOTA,X01_AGE_AND_SEX.B01001Bm23,-1,-1;B01001Be24 "B01001Be24" true true false 8 Double 0 0,First,#,ACS_2019_5YR_TRACT_27_MINNESOTA,X01_AGE_AND_SEX.B01001Be24,-1,-1;B01001Bm24 "B01001Bm24" true true false 8 Double 0 0,First,#,ACS_2019_5YR_TRACT_27_MINNESOTA,X01_AGE_AND_SEX.B01001Bm24,-1,-1;B01001Be25 "B01001Be25" true true false 8 Double 0 0,First,#,ACS_2019_5YR_TRACT_27_MINNESOTA,X01_AGE_AND_SEX.B01001Be25,-1,-1;B01001Bm25 "B01001Bm25" true true false 8 Double 0 0,First,#,ACS_2019_5YR_TRACT_27_MINNESOTA,X01_AGE_AND_SEX.B01001Bm25,-1,-1;B01001Be26 "B01001Be26" true true false 8 Double 0 0,First,#,ACS_2019_5YR_TRACT_27_MINNESOTA,X01_AGE_AND_SEX.B01001Be26,-1,-1;B01001Bm26 "B01001Bm26" true true false 8 Double 0 0,First,#,ACS_2019_5YR_TRACT_27_MINNESOTA,X01_AGE_AND_SEX.B01001Bm26,-1,-1;B01001Be27 "B01001Be27" true true false 8 Double 0 0,First,#,ACS_2019_5YR_TRACT_27_MINNESOTA,X01_AGE_AND_SEX.B01001Be27,-1,-1;B01001Bm27 "B01001Bm27" true true false 8 Double 0 0,First,#,ACS_2019_5YR_TRACT_27_MINNESOTA,X01_AGE_AND_SEX.B01001Bm27,-1,-1;B01001Be28 "B01001Be28" true true false 8 Double 0 0,First,#,ACS_2019_5YR_TRACT_27_MINNESOTA,X01_AGE_AND_SEX.B01001Be28,-1,-1;B01001Bm28 "B01001Bm28" true true false 8 Double 0 0,First,#,ACS_2019_5YR_TRACT_27_MINNESOTA,X01_AGE_AND_SEX.B01001Bm28,-1,-1;B01001Be29 "B01001Be29" true true false 8 Double 0 0,First,#,ACS_2019_5YR_TRACT_27_MINNESOTA,X01_AGE_AND_SEX.B01001Be29,-1,-1;B01001Bm29 "B01001Bm29" true true false 8 Double 0 0,First,#,ACS_2019_5YR_TRACT_27_MINNESOTA,X01_AGE_AND_SEX.B01001Bm29,-1,-1;B01001Be30 "B01001Be30" true true false 8 Double 0 0,First,#,ACS_2019_5YR_TRACT_27_MINNESOTA,X01_AGE_AND_SEX.B01001Be30,-1,-1;B01001Bm30 "B01001Bm30" true true false 8 Double 0 0,First,#,ACS_2019_5YR_TRACT_27_MINNESOTA,X01_AGE_AND_SEX.B01001Bm30,-1,-1;B01001Be31 "B01001Be31" true true false 8 Double 0 0,First,#,ACS_2019_5YR_TRACT_27_MINNESOTA,X01_AGE_AND_SEX.B01001Be31,-1,-1;B01001Bm31 "B01001Bm31" true true false 8 Double 0 0,First,#,ACS_2019_5YR_TRACT_27_MINNESOTA,X01_AGE_AND_SEX.B01001Bm31,-1,-1;B01001Ce1 "B01001Ce1" true true false 8 Double 0 0,First,#,ACS_2019_5YR_TRACT_27_MINNESOTA,X01_AGE_AND_SEX.B01001Ce1,-1,-1;B01001Cm1 "B01001Cm1" true true false 8 Double 0 0,First,#,ACS_2019_5YR_TRACT_27_MINNESOTA,X01_AGE_AND_SEX.B01001Cm1,-1,-1;B01001Ce2 "B01001Ce2" true true false 8 Double 0 0,First,#,ACS_2019_5YR_TRACT_27_MINNESOTA,X01_AGE_AND_SEX.B01001Ce2,-1,-1;B01001Cm2 "B01001Cm2" true true false 8 Double 0 0,First,#,ACS_2019_5YR_TRACT_27_MINNESOTA,X01_AGE_AND_SEX.B01001Cm2,-1,-1;B01001Ce3 "B01001Ce3" true true false 8 Double 0 0,First,#,ACS_2019_5YR_TRACT_27_MINNESOTA,X01_AGE_AND_SEX.B01001Ce3,-1,-1;B01001Cm3 "B01001Cm3" true true false 8 Double 0 0,First,#,ACS_2019_5YR_TRACT_27_MINNESOTA,X01_AGE_AND_SEX.B01001Cm3,-1,-1;B01001Ce4 "B01001Ce4" true true false 8 Double 0 0,First,#,ACS_2019_5YR_TRACT_27_MINNESOTA,X01_AGE_AND_SEX.B01001Ce4,-1,-1;B01001Cm4 "B01001Cm4" true true false 8 Double 0 0,First,#,ACS_2019_5YR_TRACT_27_MINNESOTA,X01_AGE_AND_SEX.B01001Cm4,-1,-1;B01001Ce5 "B01001Ce5" true true false 8 Double 0 0,First,#,ACS_2019_5YR_TRACT_27_MINNESOTA,X01_AGE_AND_SEX.B01001Ce5,-1,-1;B01001Cm5 "B01001Cm5" true true false 8 Double 0 0,First,#,ACS_2019_5YR_TRACT_27_MINNESOTA,X01_AGE_AND_SEX.B01001Cm5,-1,-1;B01001Ce6 "B01001Ce6" true true false 8 Double 0 0,First,#,ACS_2019_5YR_TRACT_27_MINNESOTA,X01_AGE_AND_SEX.B01001Ce6,-1,-1;B01001Cm6 "B01001Cm6" true true false 8 Double 0 0,First,#,ACS_2019_5YR_TRACT_27_MINNESOTA,X01_AGE_AND_SEX.B01001Cm6,-1,-1;B01001Ce7 "B01001Ce7" true true false 8 Double 0 0,First,#,ACS_2019_5YR_TRACT_27_MINNESOTA,X01_AGE_AND_SEX.B01001Ce7,-1,-1;B01001Cm7 "B01001Cm7" true true false 8 Double 0 0,First,#,ACS_2019_5YR_TRACT_27_MINNESOTA,X01_AGE_AND_SEX.B01001Cm7,-1,-1;B01001Ce8 "B01001Ce8" true true false 8 Double 0 0,First,#,ACS_2019_5YR_TRACT_27_MINNESOTA,X01_AGE_AND_SEX.B01001Ce8,-1,-1;B01001Cm8 "B01001Cm8" true true false 8 Double 0 0,First,#,ACS_2019_5YR_TRACT_27_MINNESOTA,X01_AGE_AND_SEX.B01001Cm8,-1,-1;B01001Ce9 "B01001Ce9" true true false 8 Double 0 0,First,#,ACS_2019_5YR_TRACT_27_MINNESOTA,X01_AGE_AND_SEX.B01001Ce9,-1,-1;B01001Cm9 "B01001Cm9" true true false 8 Double 0 0,First,#,ACS_2019_5YR_TRACT_27_MINNESOTA,X01_AGE_AND_SEX.B01001Cm9,-1,-1;B01001Ce10 "B01001Ce10" true true false 8 Double 0 0,First,#,ACS_2019_5YR_TRACT_27_MINNESOTA,X01_AGE_AND_SEX.B01001Ce10,-1,-1;B01001Cm10 "B01001Cm10" true true false 8 Double 0 0,First,#,ACS_2019_5YR_TRACT_27_MINNESOTA,X01_AGE_AND_SEX.B01001Cm10,-1,-1;B01001Ce11 "B01001Ce11" true true false 8 Double 0 0,First,#,ACS_2019_5YR_TRACT_27_MINNESOTA,X01_AGE_AND_SEX.B01001Ce11,-1,-1;B01001Cm11 "B01001Cm11" true true false 8 Double 0 0,First,#,ACS_2019_5YR_TRACT_27_MINNESOTA,X01_AGE_AND_SEX.B01001Cm11,-1,-1;B01001Ce12 "B01001Ce12" true true false 8 Double 0 0,First,#,ACS_2019_5YR_TRACT_27_MINNESOTA,X01_AGE_AND_SEX.B01001Ce12,-1,-1;B01001Cm12 "B01001Cm12" true true false 8 Double 0 0,First,#,ACS_2019_5YR_TRACT_27_MINNESOTA,X01_AGE_AND_SEX.B01001Cm12,-1,-1;B01001Ce13 "B01001Ce13" true true false 8 Double 0 0,First,#,ACS_2019_5YR_TRACT_27_MINNESOTA,X01_AGE_AND_SEX.B01001Ce13,-1,-1;B01001Cm13 "B01001Cm13" true true false 8 Double 0 0,First,#,ACS_2019_5YR_TRACT_27_MINNESOTA,X01_AGE_AND_SEX.B01001Cm13,-1,-1;B01001Ce14 "B01001Ce14" true true false 8 Double 0 0,First,#,ACS_2019_5YR_TRACT_27_MINNESOTA,X01_AGE_AND_SEX.B01001Ce14,-1,-1;B01001Cm14 "B01001Cm14" true true false 8 Double 0 0,First,#,ACS_2019_5YR_TRACT_27_MINNESOTA,X01_AGE_AND_SEX.B01001Cm14,-1,-1;B01001Ce15 "B01001Ce15" true true false 8 Double 0 0,First,#,ACS_2019_5YR_TRACT_27_MINNESOTA,X01_AGE_AND_SEX.B01001Ce15,-1,-1;B01001Cm15 "B01001Cm15" true true false 8 Double 0 0,First,#,ACS_2019_5YR_TRACT_27_MINNESOTA,X01_AGE_AND_SEX.B01001Cm15,-1,-1;B01001Ce16 "B01001Ce16" true true false 8 Double 0 0,First,#,ACS_2019_5YR_TRACT_27_MINNESOTA,X01_AGE_AND_SEX.B01001Ce16,-1,-1;B01001Cm16 "B01001Cm16" true true false 8 Double 0 0,First,#,ACS_2019_5YR_TRACT_27_MINNESOTA,X01_AGE_AND_SEX.B01001Cm16,-1,-1;B01001Ce17 "B01001Ce17" true true false 8 Double 0 0,First,#,ACS_2019_5YR_TRACT_27_MINNESOTA,X01_AGE_AND_SEX.B01001Ce17,-1,-1;B01001Cm17 "B01001Cm17" true true false 8 Double 0 0,First,#,ACS_2019_5YR_TRACT_27_MINNESOTA,X01_AGE_AND_SEX.B01001Cm17,-1,-1;B01001Ce18 "B01001Ce18" true true false 8 Double 0 0,First,#,ACS_2019_5YR_TRACT_27_MINNESOTA,X01_AGE_AND_SEX.B01001Ce18,-1,-1;B01001Cm18 "B01001Cm18" true true false 8 Double 0 0,First,#,ACS_2019_5YR_TRACT_27_MINNESOTA,X01_AGE_AND_SEX.B01001Cm18,-1,-1;B01001Ce19 "B01001Ce19" true true false 8 Double 0 0,First,#,ACS_2019_5YR_TRACT_27_MINNESOTA,X01_AGE_AND_SEX.B01001Ce19,-1,-1;B01001Cm19 "B01001Cm19" true true false 8 Double 0 0,First,#,ACS_2019_5YR_TRACT_27_MINNESOTA,X01_AGE_AND_SEX.B01001Cm19,-1,-1;B01001Ce20 "B01001Ce20" true true false 8 Double 0 0,First,#,ACS_2019_5YR_TRACT_27_MINNESOTA,X01_AGE_AND_SEX.B01001Ce20,-1,-1;B01001Cm20 "B01001Cm20" true true false 8 Double 0 0,First,#,ACS_2019_5YR_TRACT_27_MINNESOTA,X01_AGE_AND_SEX.B01001Cm20,-1,-1;B01001Ce21 "B01001Ce21" true true false 8 Double 0 0,First,#,ACS_2019_5YR_TRACT_27_MINNESOTA,X01_AGE_AND_SEX.B01001Ce21,-1,-1;B01001Cm21 "B01001Cm21" true true false 8 Double 0 0,First,#,ACS_2019_5YR_TRACT_27_MINNESOTA,X01_AGE_AND_SEX.B01001Cm21,-1,-1;B01001Ce22 "B01001Ce22" true true false 8 Double 0 0,First,#,ACS_2019_5YR_TRACT_27_MINNESOTA,X01_AGE_AND_SEX.B01001Ce22,-1,-1;B01001Cm22 "B01001Cm22" true true false 8 Double 0 0,First,#,ACS_2019_5YR_TRACT_27_MINNESOTA,X01_AGE_AND_SEX.B01001Cm22,-1,-1;B01001Ce23 "B01001Ce23" true true false 8 Double 0 0,First,#,ACS_2019_5YR_TRACT_27_MINNESOTA,X01_AGE_AND_SEX.B01001Ce23,-1,-1;B01001Cm23 "B01001Cm23" true true false 8 Double 0 0,First,#,ACS_2019_5YR_TRACT_27_MINNESOTA,X01_AGE_AND_SEX.B01001Cm23,-1,-1;B01001Ce24 "B01001Ce24" true true false 8 Double 0 0,First,#,ACS_2019_5YR_TRACT_27_MINNESOTA,X01_AGE_AND_SEX.B01001Ce24,-1,-1;B01001Cm24 "B01001Cm24" true true false 8 Double 0 0,First,#,ACS_2019_5YR_TRACT_27_MINNESOTA,X01_AGE_AND_SEX.B01001Cm24,-1,-1;B01001Ce25 "B01001Ce25" true true false 8 Double 0 0,First,#,ACS_2019_5YR_TRACT_27_MINNESOTA,X01_AGE_AND_SEX.B01001Ce25,-1,-1;B01001Cm25 "B01001Cm25" true true false 8 Double 0 0,First,#,ACS_2019_5YR_TRACT_27_MINNESOTA,X01_AGE_AND_SEX.B01001Cm25,-1,-1;B01001Ce26 "B01001Ce26" true true false 8 Double 0 0,First,#,ACS_2019_5YR_TRACT_27_MINNESOTA,X01_AGE_AND_SEX.B01001Ce26,-1,-1;B01001Cm26 "B01001Cm26" true true false 8 Double 0 0,First,#,ACS_2019_5YR_TRACT_27_MINNESOTA,X01_AGE_AND_SEX.B01001Cm26,-1,-1;B01001Ce27 "B01001Ce27" true true false 8 Double 0 0,First,#,ACS_2019_5YR_TRACT_27_MINNESOTA,X01_AGE_AND_SEX.B01001Ce27,-1,-1;B01001Cm27 "B01001Cm27" true true false 8 Double 0 0,First,#,ACS_2019_5YR_TRACT_27_MINNESOTA,X01_AGE_AND_SEX.B01001Cm27,-1,-1;B01001Ce28 "B01001Ce28" true true false 8 Double 0 0,First,#,ACS_2019_5YR_TRACT_27_MINNESOTA,X01_AGE_AND_SEX.B01001Ce28,-1,-1;B01001Cm28 "B01001Cm28" true true false 8 Double 0 0,First,#,ACS_2019_5YR_TRACT_27_MINNESOTA,X01_AGE_AND_SEX.B01001Cm28,-1,-1;B01001Ce29 "B01001Ce29" true true false 8 Double 0 0,First,#,ACS_2019_5YR_TRACT_27_MINNESOTA,X01_AGE_AND_SEX.B01001Ce29,-1,-1;B01001Cm29 "B01001Cm29" true true false 8 Double 0 0,First,#,ACS_2019_5YR_TRACT_27_MINNESOTA,X01_AGE_AND_SEX.B01001Cm29,-1,-1;B01001Ce30 "B01001Ce30" true true false 8 Double 0 0,First,#,ACS_2019_5YR_TRACT_27_MINNESOTA,X01_AGE_AND_SEX.B01001Ce30,-1,-1;B01001Cm30 "B01001Cm30" true true false 8 Double 0 0,First,#,ACS_2019_5YR_TRACT_27_MINNESOTA,X01_AGE_AND_SEX.B01001Cm30,-1,-1;B01001Ce31 "B01001Ce31" true true false 8 Double 0 0,First,#,ACS_2019_5YR_TRACT_27_MINNESOTA,X01_AGE_AND_SEX.B01001Ce31,-1,-1;B01001Cm31 "B01001Cm31" true true false 8 Double 0 0,First,#,ACS_2019_5YR_TRACT_27_MINNESOTA,X01_AGE_AND_SEX.B01001Cm31,-1,-1;B01001De1 "B01001De1" true true false 8 Double 0 0,First,#,ACS_2019_5YR_TRACT_27_MINNESOTA,X01_AGE_AND_SEX.B01001De1,-1,-1;B01001Dm1 "B01001Dm1" true true false 8 Double 0 0,First,#,ACS_2019_5YR_TRACT_27_MINNESOTA,X01_AGE_AND_SEX.B01001Dm1,-1,-1;B01001De2 "B01001De2" true true false 8 Double 0 0,First,#,ACS_2019_5YR_TRACT_27_MINNESOTA,X01_AGE_AND_SEX.B01001De2,-1,-1;B01001Dm2 "B01001Dm2" true true false 8 Double 0 0,First,#,ACS_2019_5YR_TRACT_27_MINNESOTA,X01_AGE_AND_SEX.B01001Dm2,-1,-1;B01001De3 "B01001De3" true true false 8 Double 0 0,First,#,ACS_2019_5YR_TRACT_27_MINNESOTA,X01_AGE_AND_SEX.B01001De3,-1,-1;B01001Dm3 "B01001Dm3" true true false 8 Double 0 0,First,#,ACS_2019_5YR_TRACT_27_MINNESOTA,X01_AGE_AND_SEX.B01001Dm3,-1,-1;B01001De4 "B01001De4" true true false 8 Double 0 0,First,#,ACS_2019_5YR_TRACT_27_MINNESOTA,X01_AGE_AND_SEX.B01001De4,-1,-1;B01001Dm4 "B01001Dm4" true true false 8 Double 0 0,First,#,ACS_2019_5YR_TRACT_27_MINNESOTA,X01_AGE_AND_SEX.B01001Dm4,-1,-1;B01001De5 "B01001De5" true true false 8 Double 0 0,First,#,ACS_2019_5YR_TRACT_27_MINNESOTA,X01_AGE_AND_SEX.B01001De5,-1,-1;B01001Dm5 "B01001Dm5" true true false 8 Double 0 0,First,#,ACS_2019_5YR_TRACT_27_MINNESOTA,X01_AGE_AND_SEX.B01001Dm5,-1,-1;B01001De6 "B01001De6" true true false 8 Double 0 0,First,#,ACS_2019_5YR_TRACT_27_MINNESOTA,X01_AGE_AND_SEX.B01001De6,-1,-1;B01001Dm6 "B01001Dm6" true true false 8 Double 0 0,First,#,ACS_2019_5YR_TRACT_27_MINNESOTA,X01_AGE_AND_SEX.B01001Dm6,-1,-1;B01001De7 "B01001De7" true true false 8 Double 0 0,First,#,ACS_2019_5YR_TRACT_27_MINNESOTA,X01_AGE_AND_SEX.B01001De7,-1,-1;B01001Dm7 "B01001Dm7" true true false 8 Double 0 0,First,#,ACS_2019_5YR_TRACT_27_MINNESOTA,X01_AGE_AND_SEX.B01001Dm7,-1,-1;B01001De8 "B01001De8" true true false 8 Double 0 0,First,#,ACS_2019_5YR_TRACT_27_MINNESOTA,X01_AGE_AND_SEX.B01001De8,-1,-1;B01001Dm8 "B01001Dm8" true true false 8 Double 0 0,First,#,ACS_2019_5YR_TRACT_27_MINNESOTA,X01_AGE_AND_SEX.B01001Dm8,-1,-1;B01001De9 "B01001De9" true true false 8 Double 0 0,First,#,ACS_2019_5YR_TRACT_27_MINNESOTA,X01_AGE_AND_SEX.B01001De9,-1,-1;B01001Dm9 "B01001Dm9" true true false 8 Double 0 0,First,#,ACS_2019_5YR_TRACT_27_MINNESOTA,X01_AGE_AND_SEX.B01001Dm9,-1,-1;B01001De10 "B01001De10" true true false 8 Double 0 0,First,#,ACS_2019_5YR_TRACT_27_MINNESOTA,X01_AGE_AND_SEX.B01001De10,-1,-1;B01001Dm10 "B01001Dm10" true true false 8 Double 0 0,First,#,ACS_2019_5YR_TRACT_27_MINNESOTA,X01_AGE_AND_SEX.B01001Dm10,-1,-1;B01001De11 "B01001De11" true true false 8 Double 0 0,First,#,ACS_2019_5YR_TRACT_27_MINNESOTA,X01_AGE_AND_SEX.B01001De11,-1,-1;B01001Dm11 "B01001Dm11" true true false 8 Double 0 0,First,#,ACS_2019_5YR_TRACT_27_MINNESOTA,X01_AGE_AND_SEX.B01001Dm11,-1,-1;B01001De12 "B01001De12" true true false 8 Double 0 0,First,#,ACS_2019_5YR_TRACT_27_MINNESOTA,X01_AGE_AND_SEX.B01001De12,-1,-1;B01001Dm12 "B01001Dm12" true true false 8 Double 0 0,First,#,ACS_2019_5YR_TRACT_27_MINNESOTA,X01_AGE_AND_SEX.B01001Dm12,-1,-1;B01001De13 "B01001De13" true true false 8 Double 0 0,First,#,ACS_2019_5YR_TRACT_27_MINNESOTA,X01_AGE_AND_SEX.B01001De13,-1,-1;B01001Dm13 "B01001Dm13" true true false 8 Double 0 0,First,#,ACS_2019_5YR_TRACT_27_MINNESOTA,X01_AGE_AND_SEX.B01001Dm13,-1,-1;B01001De14 "B01001De14" true true false 8 Double 0 0,First,#,ACS_2019_5YR_TRACT_27_MINNESOTA,X01_AGE_AND_SEX.B01001De14,-1,-1;B01001Dm14 "B01001Dm14" true true false 8 Double 0 0,First,#,ACS_2019_5YR_TRACT_27_MINNESOTA,X01_AGE_AND_SEX.B01001Dm14,-1,-1;B01001De15 "B01001De15" true true false 8 Double 0 0,First,#,ACS_2019_5YR_TRACT_27_MINNESOTA,X01_AGE_AND_SEX.B01001De15,-1,-1;B01001Dm15 "B01001Dm15" true true false 8 Double 0 0,First,#,ACS_2019_5YR_TRACT_27_MINNESOTA,X01_AGE_AND_SEX.B01001Dm15,-1,-1;B01001De16 "B01001De16" true true false 8 Double 0 0,First,#,ACS_2019_5YR_TRACT_27_MINNESOTA,X01_AGE_AND_SEX.B01001De16,-1,-1;B01001Dm16 "B01001Dm16" true true false 8 Double 0 0,First,#,ACS_2019_5YR_TRACT_27_MINNESOTA,X01_AGE_AND_SEX.B01001Dm16,-1,-1;B01001De17 "B01001De17" true true false 8 Double 0 0,First,#,ACS_2019_5YR_TRACT_27_MINNESOTA,X01_AGE_AND_SEX.B01001De17,-1,-1;B01001Dm17 "B01001Dm17" true true false 8 Double 0 0,First,#,ACS_2019_5YR_TRACT_27_MINNESOTA,X01_AGE_AND_SEX.B01001Dm17,-1,-1;B01001De18 "B01001De18" true true false 8 Double 0 0,First,#,ACS_2019_5YR_TRACT_27_MINNESOTA,X01_AGE_AND_SEX.B01001De18,-1,-1;B01001Dm18 "B01001Dm18" true true false 8 Double 0 0,First,#,ACS_2019_5YR_TRACT_27_MINNESOTA,X01_AGE_AND_SEX.B01001Dm18,-1,-1;B01001De19 "B01001De19" true true false 8 Double 0 0,First,#,ACS_2019_5YR_TRACT_27_MINNESOTA,X01_AGE_AND_SEX.B01001De19,-1,-1;B01001Dm19 "B01001Dm19" true true false 8 Double 0 0,First,#,ACS_2019_5YR_TRACT_27_MINNESOTA,X01_AGE_AND_SEX.B01001Dm19,-1,-1;B01001De20 "B01001De20" true true false 8 Double 0 0,First,#,ACS_2019_5YR_TRACT_27_MINNESOTA,X01_AGE_AND_SEX.B01001De20,-1,-1;B01001Dm20 "B01001Dm20" true true false 8 Double 0 0,First,#,ACS_2019_5YR_TRACT_27_MINNESOTA,X01_AGE_AND_SEX.B01001Dm20,-1,-1;B01001De21 "B01001De21" true true false 8 Double 0 0,First,#,ACS_2019_5YR_TRACT_27_MINNESOTA,X01_AGE_AND_SEX.B01001De21,-1,-1;B01001Dm21 "B01001Dm21" true true false 8 Double 0 0,First,#,ACS_2019_5YR_TRACT_27_MINNESOTA,X01_AGE_AND_SEX.B01001Dm21,-1,-1;B01001De22 "B01001De22" true true false 8 Double 0 0,First,#,ACS_2019_5YR_TRACT_27_MINNESOTA,X01_AGE_AND_SEX.B01001De22,-1,-1;B01001Dm22 "B01001Dm22" true true false 8 Double 0 0,First,#,ACS_2019_5YR_TRACT_27_MINNESOTA,X01_AGE_AND_SEX.B01001Dm22,-1,-1;B01001De23 "B01001De23" true true false 8 Double 0 0,First,#,ACS_2019_5YR_TRACT_27_MINNESOTA,X01_AGE_AND_SEX.B01001De23,-1,-1;B01001Dm23 "B01001Dm23" true true false 8 Double 0 0,First,#,ACS_2019_5YR_TRACT_27_MINNESOTA,X01_AGE_AND_SEX.B01001Dm23,-1,-1;B01001De24 "B01001De24" true true false 8 Double 0 0,First,#,ACS_2019_5YR_TRACT_27_MINNESOTA,X01_AGE_AND_SEX.B01001De24,-1,-1;B01001Dm24 "B01001Dm24" true true false 8 Double 0 0,First,#,ACS_2019_5YR_TRACT_27_MINNESOTA,X01_AGE_AND_SEX.B01001Dm24,-1,-1;B01001De25 "B01001De25" true true false 8 Double 0 0,First,#,ACS_2019_5YR_TRACT_27_MINNESOTA,X01_AGE_AND_SEX.B01001De25,-1,-1;B01001Dm25 "B01001Dm25" true true false 8 Double 0 0,First,#,ACS_2019_5YR_TRACT_27_MINNESOTA,X01_AGE_AND_SEX.B01001Dm25,-1,-1;B01001De26 "B01001De26" true true false 8 Double 0 0,First,#,ACS_2019_5YR_TRACT_27_MINNESOTA,X01_AGE_AND_SEX.B01001De26,-1,-1;B01001Dm26 "B01001Dm26" true true false 8 Double 0 0,First,#,ACS_2019_5YR_TRACT_27_MINNESOTA,X01_AGE_AND_SEX.B01001Dm26,-1,-1;B01001De27 "B01001De27" true true false 8 Double 0 0,First,#,ACS_2019_5YR_TRACT_27_MINNESOTA,X01_AGE_AND_SEX.B01001De27,-1,-1;B01001Dm27 "B01001Dm27" true true false 8 Double 0 0,First,#,ACS_2019_5YR_TRACT_27_MINNESOTA,X01_AGE_AND_SEX.B01001Dm27,-1,-1;B01001De28 "B01001De28" true true false 8 Double 0 0,First,#,ACS_2019_5YR_TRACT_27_MINNESOTA,X01_AGE_AND_SEX.B01001De28,-1,-1;B01001Dm28 "B01001Dm28" true true false 8 Double 0 0,First,#,ACS_2019_5YR_TRACT_27_MINNESOTA,X01_AGE_AND_SEX.B01001Dm28,-1,-1;B01001De29 "B01001De29" true true false 8 Double 0 0,First,#,ACS_2019_5YR_TRACT_27_MINNESOTA,X01_AGE_AND_SEX.B01001De29,-1,-1;B01001Dm29 "B01001Dm29" true true false 8 Double 0 0,First,#,ACS_2019_5YR_TRACT_27_MINNESOTA,X01_AGE_AND_SEX.B01001Dm29,-1,-1;B01001De30 "B01001De30" true true false 8 Double 0 0,First,#,ACS_2019_5YR_TRACT_27_MINNESOTA,X01_AGE_AND_SEX.B01001De30,-1,-1;B01001Dm30 "B01001Dm30" true true false 8 Double 0 0,First,#,ACS_2019_5YR_TRACT_27_MINNESOTA,X01_AGE_AND_SEX.B01001Dm30,-1,-1;B01001De31 "B01001De31" true true false 8 Double 0 0,First,#,ACS_2019_5YR_TRACT_27_MINNESOTA,X01_AGE_AND_SEX.B01001De31,-1,-1;B01001Dm31 "B01001Dm31" true true false 8 Double 0 0,First,#,ACS_2019_5YR_TRACT_27_MINNESOTA,X01_AGE_AND_SEX.B01001Dm31,-1,-1;B01001Ee1 "B01001Ee1" true true false 8 Double 0 0,First,#,ACS_2019_5YR_TRACT_27_MINNESOTA,X01_AGE_AND_SEX.B01001Ee1,-1,-1;B01001Em1 "B01001Em1" true true false 8 Double 0 0,First,#,ACS_2019_5YR_TRACT_27_MINNESOTA,X01_AGE_AND_SEX.B01001Em1,-1,-1;B01001Ee2 "B01001Ee2" true true false 8 Double 0 0,First,#,ACS_2019_5YR_TRACT_27_MINNESOTA,X01_AGE_AND_SEX.B01001Ee2,-1,-1;B01001Em2 "B01001Em2" true true false 8 Double 0 0,First,#,ACS_2019_5YR_TRACT_27_MINNESOTA,X01_AGE_AND_SEX.B01001Em2,-1,-1;B01001Ee3 "B01001Ee3" true true false 8 Double 0 0,First,#,ACS_2019_5YR_TRACT_27_MINNESOTA,X01_AGE_AND_SEX.B01001Ee3,-1,-1;B01001Em3 "B01001Em3" true true false 8 Double 0 0,First,#,ACS_2019_5YR_TRACT_27_MINNESOTA,X01_AGE_AND_SEX.B01001Em3,-1,-1;B01001Ee4 "B01001Ee4" true true false 8 Double 0 0,First,#,ACS_2019_5YR_TRACT_27_MINNESOTA,X01_AGE_AND_SEX.B01001Ee4,-1,-1;B01001Em4 "B01001Em4" true true false 8 Double 0 0,First,#,ACS_2019_5YR_TRACT_27_MINNESOTA,X01_AGE_AND_SEX.B01001Em4,-1,-1;B01001Ee5 "B01001Ee5" true true false 8 Double 0 0,First,#,ACS_2019_5YR_TRACT_27_MINNESOTA,X01_AGE_AND_SEX.B01001Ee5,-1,-1;B01001Em5 "B01001Em5" true true false 8 Double 0 0,First,#,ACS_2019_5YR_TRACT_27_MINNESOTA,X01_AGE_AND_SEX.B01001Em5,-1,-1;B01001Ee6 "B01001Ee6" true true false 8 Double 0 0,First,#,ACS_2019_5YR_TRACT_27_MINNESOTA,X01_AGE_AND_SEX.B01001Ee6,-1,-1;B01001Em6 "B01001Em6" true true false 8 Double 0 0,First,#,ACS_2019_5YR_TRACT_27_MINNESOTA,X01_AGE_AND_SEX.B01001Em6,-1,-1;B01001Ee7 "B01001Ee7" true true false 8 Double 0 0,First,#,ACS_2019_5YR_TRACT_27_MINNESOTA,X01_AGE_AND_SEX.B01001Ee7,-1,-1;B01001Em7 "B01001Em7" true true false 8 Double 0 0,First,#,ACS_2019_5YR_TRACT_27_MINNESOTA,X01_AGE_AND_SEX.B01001Em7,-1,-1;B01001Ee8 "B01001Ee8" true true false 8 Double 0 0,First,#,ACS_2019_5YR_TRACT_27_MINNESOTA,X01_AGE_AND_SEX.B01001Ee8,-1,-1;B01001Em8 "B01001Em8" true true false 8 Double 0 0,First,#,ACS_2019_5YR_TRACT_27_MINNESOTA,X01_AGE_AND_SEX.B01001Em8,-1,-1;B01001Ee9 "B01001Ee9" true true false 8 Double 0 0,First,#,ACS_2019_5YR_TRACT_27_MINNESOTA,X01_AGE_AND_SEX.B01001Ee9,-1,-1;B01001Em9 "B01001Em9" true true false 8 Double 0 0,First,#,ACS_2019_5YR_TRACT_27_MINNESOTA,X01_AGE_AND_SEX.B01001Em9,-1,-1;B01001Ee10 "B01001Ee10" true true false 8 Double 0 0,First,#,ACS_2019_5YR_TRACT_27_MINNESOTA,X01_AGE_AND_SEX.B01001Ee10,-1,-1;B01001Em10 "B01001Em10" true true false 8 Double 0 0,First,#,ACS_2019_5YR_TRACT_27_MINNESOTA,X01_AGE_AND_SEX.B01001Em10,-1,-1;B01001Ee11 "B01001Ee11" true true false 8 Double 0 0,First,#,ACS_2019_5YR_TRACT_27_MINNESOTA,X01_AGE_AND_SEX.B01001Ee11,-1,-1;B01001Em11 "B01001Em11" true true false 8 Double 0 0,First,#,ACS_2019_5YR_TRACT_27_MINNESOTA,X01_AGE_AND_SEX.B01001Em11,-1,-1;B01001Ee12 "B01001Ee12" true true false 8 Double 0 0,First,#,ACS_2019_5YR_TRACT_27_MINNESOTA,X01_AGE_AND_SEX.B01001Ee12,-1,-1;B01001Em12 "B01001Em12" true true false 8 Double 0 0,First,#,ACS_2019_5YR_TRACT_27_MINNESOTA,X01_AGE_AND_SEX.B01001Em12,-1,-1;B01001Ee13 "B01001Ee13" true true false 8 Double 0 0,First,#,ACS_2019_5YR_TRACT_27_MINNESOTA,X01_AGE_AND_SEX.B01001Ee13,-1,-1;B01001Em13 "B01001Em13" true true false 8 Double 0 0,First,#,ACS_2019_5YR_TRACT_27_MINNESOTA,X01_AGE_AND_SEX.B01001Em13,-1,-1;B01001Ee14 "B01001Ee14" true true false 8 Double 0 0,First,#,ACS_2019_5YR_TRACT_27_MINNESOTA,X01_AGE_AND_SEX.B01001Ee14,-1,-1;B01001Em14 "B01001Em14" true true false 8 Double 0 0,First,#,ACS_2019_5YR_TRACT_27_MINNESOTA,X01_AGE_AND_SEX.B01001Em14,-1,-1;B01001Ee15 "B01001Ee15" true true false 8 Double 0 0,First,#,ACS_2019_5YR_TRACT_27_MINNESOTA,X01_AGE_AND_SEX.B01001Ee15,-1,-1;B01001Em15 "B01001Em15" true true false 8 Double 0 0,First,#,ACS_2019_5YR_TRACT_27_MINNESOTA,X01_AGE_AND_SEX.B01001Em15,-1,-1;B01001Ee16 "B01001Ee16" true true false 8 Double 0 0,First,#,ACS_2019_5YR_TRACT_27_MINNESOTA,X01_AGE_AND_SEX.B01001Ee16,-1,-1;B01001Em16 "B01001Em16" true true false 8 Double 0 0,First,#,ACS_2019_5YR_TRACT_27_MINNESOTA,X01_AGE_AND_SEX.B01001Em16,-1,-1;B01001Ee17 "B01001Ee17" true true false 8 Double 0 0,First,#,ACS_2019_5YR_TRACT_27_MINNESOTA,X01_AGE_AND_SEX.B01001Ee17,-1,-1;B01001Em17 "B01001Em17" true true false 8 Double 0 0,First,#,ACS_2019_5YR_TRACT_27_MINNESOTA,X01_AGE_AND_SEX.B01001Em17,-1,-1;B01001Ee18 "B01001Ee18" true true false 8 Double 0 0,First,#,ACS_2019_5YR_TRACT_27_MINNESOTA,X01_AGE_AND_SEX.B01001Ee18,-1,-1;B01001Em18 "B01001Em18" true true false 8 Double 0 0,First,#,ACS_2019_5YR_TRACT_27_MINNESOTA,X01_AGE_AND_SEX.B01001Em18,-1,-1;B01001Ee19 "B01001Ee19" true true false 8 Double 0 0,First,#,ACS_2019_5YR_TRACT_27_MINNESOTA,X01_AGE_AND_SEX.B01001Ee19,-1,-1;B01001Em19 "B01001Em19" true true false 8 Double 0 0,First,#,ACS_2019_5YR_TRACT_27_MINNESOTA,X01_AGE_AND_SEX.B01001Em19,-1,-1;B01001Ee20 "B01001Ee20" true true false 8 Double 0 0,First,#,ACS_2019_5YR_TRACT_27_MINNESOTA,X01_AGE_AND_SEX.B01001Ee20,-1,-1;B01001Em20 "B01001Em20" true true false 8 Double 0 0,First,#,ACS_2019_5YR_TRACT_27_MINNESOTA,X01_AGE_AND_SEX.B01001Em20,-1,-1;B01001Ee21 "B01001Ee21" true true false 8 Double 0 0,First,#,ACS_2019_5YR_TRACT_27_MINNESOTA,X01_AGE_AND_SEX.B01001Ee21,-1,-1;B01001Em21 "B01001Em21" true true false 8 Double 0 0,First,#,ACS_2019_5YR_TRACT_27_MINNESOTA,X01_AGE_AND_SEX.B01001Em21,-1,-1;B01001Ee22 "B01001Ee22" true true false 8 Double 0 0,First,#,ACS_2019_5YR_TRACT_27_MINNESOTA,X01_AGE_AND_SEX.B01001Ee22,-1,-1;B01001Em22 "B01001Em22" true true false 8 Double 0 0,First,#,ACS_2019_5YR_TRACT_27_MINNESOTA,X01_AGE_AND_SEX.B01001Em22,-1,-1;B01001Ee23 "B01001Ee23" true true false 8 Double 0 0,First,#,ACS_2019_5YR_TRACT_27_MINNESOTA,X01_AGE_AND_SEX.B01001Ee23,-1,-1;B01001Em23 "B01001Em23" true true false 8 Double 0 0,First,#,ACS_2019_5YR_TRACT_27_MINNESOTA,X01_AGE_AND_SEX.B01001Em23,-1,-1;B01001Ee24 "B01001Ee24" true true false 8 Double 0 0,First,#,ACS_2019_5YR_TRACT_27_MINNESOTA,X01_AGE_AND_SEX.B01001Ee24,-1,-1;B01001Em24 "B01001Em24" true true false 8 Double 0 0,First,#,ACS_2019_5YR_TRACT_27_MINNESOTA,X01_AGE_AND_SEX.B01001Em24,-1,-1;B01001Ee25 "B01001Ee25" true true false 8 Double 0 0,First,#,ACS_2019_5YR_TRACT_27_MINNESOTA,X01_AGE_AND_SEX.B01001Ee25,-1,-1;B01001Em25 "B01001Em25" true true false 8 Double 0 0,First,#,ACS_2019_5YR_TRACT_27_MINNESOTA,X01_AGE_AND_SEX.B01001Em25,-1,-1;B01001Ee26 "B01001Ee26" true true false 8 Double 0 0,First,#,ACS_2019_5YR_TRACT_27_MINNESOTA,X01_AGE_AND_SEX.B01001Ee26,-1,-1;B01001Em26 "B01001Em26" true true false 8 Double 0 0,First,#,ACS_2019_5YR_TRACT_27_MINNESOTA,X01_AGE_AND_SEX.B01001Em26,-1,-1;B01001Ee27 "B01001Ee27" true true false 8 Double 0 0,First,#,ACS_2019_5YR_TRACT_27_MINNESOTA,X01_AGE_AND_SEX.B01001Ee27,-1,-1;B01001Em27 "B01001Em27" true true false 8 Double 0 0,First,#,ACS_2019_5YR_TRACT_27_MINNESOTA,X01_AGE_AND_SEX.B01001Em27,-1,-1;B01001Ee28 "B01001Ee28" true true false 8 Double 0 0,First,#,ACS_2019_5YR_TRACT_27_MINNESOTA,X01_AGE_AND_SEX.B01001Ee28,-1,-1;B01001Em28 "B01001Em28" true true false 8 Double 0 0,First,#,ACS_2019_5YR_TRACT_27_MINNESOTA,X01_AGE_AND_SEX.B01001Em28,-1,-1;B01001Ee29 "B01001Ee29" true true false 8 Double 0 0,First,#,ACS_2019_5YR_TRACT_27_MINNESOTA,X01_AGE_AND_SEX.B01001Ee29,-1,-1;B01001Em29 "B01001Em29" true true false 8 Double 0 0,First,#,ACS_2019_5YR_TRACT_27_MINNESOTA,X01_AGE_AND_SEX.B01001Em29,-1,-1;B01001Ee30 "B01001Ee30" true true false 8 Double 0 0,First,#,ACS_2019_5YR_TRACT_27_MINNESOTA,X01_AGE_AND_SEX.B01001Ee30,-1,-1;B01001Em30 "B01001Em30" true true false 8 Double 0 0,First,#,ACS_2019_5YR_TRACT_27_MINNESOTA,X01_AGE_AND_SEX.B01001Em30,-1,-1;B01001Ee31 "B01001Ee31" true true false 8 Double 0 0,First,#,ACS_2019_5YR_TRACT_27_MINNESOTA,X01_AGE_AND_SEX.B01001Ee31,-1,-1;B01001Em31 "B01001Em31" true true false 8 Double 0 0,First,#,ACS_2019_5YR_TRACT_27_MINNESOTA,X01_AGE_AND_SEX.B01001Em31,-1,-1;B01001Fe1 "B01001Fe1" true true false 8 Double 0 0,First,#,ACS_2019_5YR_TRACT_27_MINNESOTA,X01_AGE_AND_SEX.B01001Fe1,-1,-1;B01001Fm1 "B01001Fm1" true true false 8 Double 0 0,First,#,ACS_2019_5YR_TRACT_27_MINNESOTA,X01_AGE_AND_SEX.B01001Fm1,-1,-1;B01001Fe2 "B01001Fe2" true true false 8 Double 0 0,First,#,ACS_2019_5YR_TRACT_27_MINNESOTA,X01_AGE_AND_SEX.B01001Fe2,-1,-1;B01001Fm2 "B01001Fm2" true true false 8 Double 0 0,First,#,ACS_2019_5YR_TRACT_27_MINNESOTA,X01_AGE_AND_SEX.B01001Fm2,-1,-1;B01001Fe3 "B01001Fe3" true true false 8 Double 0 0,First,#,ACS_2019_5YR_TRACT_27_MINNESOTA,X01_AGE_AND_SEX.B01001Fe3,-1,-1;B01001Fm3 "B01001Fm3" true true false 8 Double 0 0,First,#,ACS_2019_5YR_TRACT_27_MINNESOTA,X01_AGE_AND_SEX.B01001Fm3,-1,-1;B01001Fe4 "B01001Fe4" true true false 8 Double 0 0,First,#,ACS_2019_5YR_TRACT_27_MINNESOTA,X01_AGE_AND_SEX.B01001Fe4,-1,-1;B01001Fm4 "B01001Fm4" true true false 8 Double 0 0,First,#,ACS_2019_5YR_TRACT_27_MINNESOTA,X01_AGE_AND_SEX.B01001Fm4,-1,-1;B01001Fe5 "B01001Fe5" true true false 8 Double 0 0,First,#,ACS_2019_5YR_TRACT_27_MINNESOTA,X01_AGE_AND_SEX.B01001Fe5,-1,-1;B01001Fm5 "B01001Fm5" true true false 8 Double 0 0,First,#,ACS_2019_5YR_TRACT_27_MINNESOTA,X01_AGE_AND_SEX.B01001Fm5,-1,-1;B01001Fe6 "B01001Fe6" true true false 8 Double 0 0,First,#,ACS_2019_5YR_TRACT_27_MINNESOTA,X01_AGE_AND_SEX.B01001Fe6,-1,-1;B01001Fm6 "B01001Fm6" true true false 8 Double 0 0,First,#,ACS_2019_5YR_TRACT_27_MINNESOTA,X01_AGE_AND_SEX.B01001Fm6,-1,-1;B01001Fe7 "B01001Fe7" true true false 8 Double 0 0,First,#,ACS_2019_5YR_TRACT_27_MINNESOTA,X01_AGE_AND_SEX.B01001Fe7,-1,-1;B01001Fm7 "B01001Fm7" true true false 8 Double 0 0,First,#,ACS_2019_5YR_TRACT_27_MINNESOTA,X01_AGE_AND_SEX.B01001Fm7,-1,-1;B01001Fe8 "B01001Fe8" true true false 8 Double 0 0,First,#,ACS_2019_5YR_TRACT_27_MINNESOTA,X01_AGE_AND_SEX.B01001Fe8,-1,-1;B01001Fm8 "B01001Fm8" true true false 8 Double 0 0,First,#,ACS_2019_5YR_TRACT_27_MINNESOTA,X01_AGE_AND_SEX.B01001Fm8,-1,-1;B01001Fe9 "B01001Fe9" true true false 8 Double 0 0,First,#,ACS_2019_5YR_TRACT_27_MINNESOTA,X01_AGE_AND_SEX.B01001Fe9,-1,-1;B01001Fm9 "B01001Fm9" true true false 8 Double 0 0,First,#,ACS_2019_5YR_TRACT_27_MINNESOTA,X01_AGE_AND_SEX.B01001Fm9,-1,-1;B01001Fe10 "B01001Fe10" true true false 8 Double 0 0,First,#,ACS_2019_5YR_TRACT_27_MINNESOTA,X01_AGE_AND_SEX.B01001Fe10,-1,-1;B01001Fm10 "B01001Fm10" true true false 8 Double 0 0,First,#,ACS_2019_5YR_TRACT_27_MINNESOTA,X01_AGE_AND_SEX.B01001Fm10,-1,-1;B01001Fe11 "B01001Fe11" true true false 8 Double 0 0,First,#,ACS_2019_5YR_TRACT_27_MINNESOTA,X01_AGE_AND_SEX.B01001Fe11,-1,-1;B01001Fm11 "B01001Fm11" true true false 8 Double 0 0,First,#,ACS_2019_5YR_TRACT_27_MINNESOTA,X01_AGE_AND_SEX.B01001Fm11,-1,-1;B01001Fe12 "B01001Fe12" true true false 8 Double 0 0,First,#,ACS_2019_5YR_TRACT_27_MINNESOTA,X01_AGE_AND_SEX.B01001Fe12,-1,-1;B01001Fm12 "B01001Fm12" true true false 8 Double 0 0,First,#,ACS_2019_5YR_TRACT_27_MINNESOTA,X01_AGE_AND_SEX.B01001Fm12,-1,-1;B01001Fe13 "B01001Fe13" true true false 8 Double 0 0,First,#,ACS_2019_5YR_TRACT_27_MINNESOTA,X01_AGE_AND_SEX.B01001Fe13,-1,-1;B01001Fm13 "B01001Fm13" true true false 8 Double 0 0,First,#,ACS_2019_5YR_TRACT_27_MINNESOTA,X01_AGE_AND_SEX.B01001Fm13,-1,-1;B01001Fe14 "B01001Fe14" true true false 8 Double 0 0,First,#,ACS_2019_5YR_TRACT_27_MINNESOTA,X01_AGE_AND_SEX.B01001Fe14,-1,-1;B01001Fm14 "B01001Fm14" true true false 8 Double 0 0,First,#,ACS_2019_5YR_TRACT_27_MINNESOTA,X01_AGE_AND_SEX.B01001Fm14,-1,-1;B01001Fe15 "B01001Fe15" true true false 8 Double 0 0,First,#,ACS_2019_5YR_TRACT_27_MINNESOTA,X01_AGE_AND_SEX.B01001Fe15,-1,-1;B01001Fm15 "B01001Fm15" true true false 8 Double 0 0,First,#,ACS_2019_5YR_TRACT_27_MINNESOTA,X01_AGE_AND_SEX.B01001Fm15,-1,-1;B01001Fe16 "B01001Fe16" true true false 8 Double 0 0,First,#,ACS_2019_5YR_TRACT_27_MINNESOTA,X01_AGE_AND_SEX.B01001Fe16,-1,-1;B01001Fm16 "B01001Fm16" true true false 8 Double 0 0,First,#,ACS_2019_5YR_TRACT_27_MINNESOTA,X01_AGE_AND_SEX.B01001Fm16,-1,-1;B01001Fe17 "B01001Fe17" true true false 8 Double 0 0,First,#,ACS_2019_5YR_TRACT_27_MINNESOTA,X01_AGE_AND_SEX.B01001Fe17,-1,-1;B01001Fm17 "B01001Fm17" true true false 8 Double 0 0,First,#,ACS_2019_5YR_TRACT_27_MINNESOTA,X01_AGE_AND_SEX.B01001Fm17,-1,-1;B01001Fe18 "B01001Fe18" true true false 8 Double 0 0,First,#,ACS_2019_5YR_TRACT_27_MINNESOTA,X01_AGE_AND_SEX.B01001Fe18,-1,-1;B01001Fm18 "B01001Fm18" true true false 8 Double 0 0,First,#,ACS_2019_5YR_TRACT_27_MINNESOTA,X01_AGE_AND_SEX.B01001Fm18,-1,-1;B01001Fe19 "B01001Fe19" true true false 8 Double 0 0,First,#,ACS_2019_5YR_TRACT_27_MINNESOTA,X01_AGE_AND_SEX.B01001Fe19,-1,-1;B01001Fm19 "B01001Fm19" true true false 8 Double 0 0,First,#,ACS_2019_5YR_TRACT_27_MINNESOTA,X01_AGE_AND_SEX.B01001Fm19,-1,-1;B01001Fe20 "B01001Fe20" true true false 8 Double 0 0,First,#,ACS_2019_5YR_TRACT_27_MINNESOTA,X01_AGE_AND_SEX.B01001Fe20,-1,-1;B01001Fm20 "B01001Fm20" true true false 8 Double 0 0,First,#,ACS_2019_5YR_TRACT_27_MINNESOTA,X01_AGE_AND_SEX.B01001Fm20,-1,-1;B01001Fe21 "B01001Fe21" true true false 8 Double 0 0,First,#,ACS_2019_5YR_TRACT_27_MINNESOTA,X01_AGE_AND_SEX.B01001Fe21,-1,-1;B01001Fm21 "B01001Fm21" true true false 8 Double 0 0,First,#,ACS_2019_5YR_TRACT_27_MINNESOTA,X01_AGE_AND_SEX.B01001Fm21,-1,-1;B01001Fe22 "B01001Fe22" true true false 8 Double 0 0,First,#,ACS_2019_5YR_TRACT_27_MINNESOTA,X01_AGE_AND_SEX.B01001Fe22,-1,-1;B01001Fm22 "B01001Fm22" true true false 8 Double 0 0,First,#,ACS_2019_5YR_TRACT_27_MINNESOTA,X01_AGE_AND_SEX.B01001Fm22,-1,-1;B01001Fe23 "B01001Fe23" true true false 8 Double 0 0,First,#,ACS_2019_5YR_TRACT_27_MINNESOTA,X01_AGE_AND_SEX.B01001Fe23,-1,-1;B01001Fm23 "B01001Fm23" true true false 8 Double 0 0,First,#,ACS_2019_5YR_TRACT_27_MINNESOTA,X01_AGE_AND_SEX.B01001Fm23,-1,-1;B01001Fe24 "B01001Fe24" true true false 8 Double 0 0,First,#,ACS_2019_5YR_TRACT_27_MINNESOTA,X01_AGE_AND_SEX.B01001Fe24,-1,-1;B01001Fm24 "B01001Fm24" true true false 8 Double 0 0,First,#,ACS_2019_5YR_TRACT_27_MINNESOTA,X01_AGE_AND_SEX.B01001Fm24,-1,-1;B01001Fe25 "B01001Fe25" true true false 8 Double 0 0,First,#,ACS_2019_5YR_TRACT_27_MINNESOTA,X01_AGE_AND_SEX.B01001Fe25,-1,-1;B01001Fm25 "B01001Fm25" true true false 8 Double 0 0,First,#,ACS_2019_5YR_TRACT_27_MINNESOTA,X01_AGE_AND_SEX.B01001Fm25,-1,-1;B01001Fe26 "B01001Fe26" true true false 8 Double 0 0,First,#,ACS_2019_5YR_TRACT_27_MINNESOTA,X01_AGE_AND_SEX.B01001Fe26,-1,-1;B01001Fm26 "B01001Fm26" true true false 8 Double 0 0,First,#,ACS_2019_5YR_TRACT_27_MINNESOTA,X01_AGE_AND_SEX.B01001Fm26,-1,-1;B01001Fe27 "B01001Fe27" true true false 8 Double 0 0,First,#,ACS_2019_5YR_TRACT_27_MINNESOTA,X01_AGE_AND_SEX.B01001Fe27,-1,-1;B01001Fm27 "B01001Fm27" true true false 8 Double 0 0,First,#,ACS_2019_5YR_TRACT_27_MINNESOTA,X01_AGE_AND_SEX.B01001Fm27,-1,-1;B01001Fe28 "B01001Fe28" true true false 8 Double 0 0,First,#,ACS_2019_5YR_TRACT_27_MINNESOTA,X01_AGE_AND_SEX.B01001Fe28,-1,-1;B01001Fm28 "B01001Fm28" true true false 8 Double 0 0,First,#,ACS_2019_5YR_TRACT_27_MINNESOTA,X01_AGE_AND_SEX.B01001Fm28,-1,-1;B01001Fe29 "B01001Fe29" true true false 8 Double 0 0,First,#,ACS_2019_5YR_TRACT_27_MINNESOTA,X01_AGE_AND_SEX.B01001Fe29,-1,-1;B01001Fm29 "B01001Fm29" true true false 8 Double 0 0,First,#,ACS_2019_5YR_TRACT_27_MINNESOTA,X01_AGE_AND_SEX.B01001Fm29,-1,-1;B01001Fe30 "B01001Fe30" true true false 8 Double 0 0,First,#,ACS_2019_5YR_TRACT_27_MINNESOTA,X01_AGE_AND_SEX.B01001Fe30,-1,-1;B01001Fm30 "B01001Fm30" true true false 8 Double 0 0,First,#,ACS_2019_5YR_TRACT_27_MINNESOTA,X01_AGE_AND_SEX.B01001Fm30,-1,-1;B01001Fe31 "B01001Fe31" true true false 8 Double 0 0,First,#,ACS_2019_5YR_TRACT_27_MINNESOTA,X01_AGE_AND_SEX.B01001Fe31,-1,-1;B01001Fm31 "B01001Fm31" true true false 8 Double 0 0,First,#,ACS_2019_5YR_TRACT_27_MINNESOTA,X01_AGE_AND_SEX.B01001Fm31,-1,-1;B01001Ge1 "B01001Ge1" true true false 8 Double 0 0,First,#,ACS_2019_5YR_TRACT_27_MINNESOTA,X01_AGE_AND_SEX.B01001Ge1,-1,-1;B01001Gm1 "B01001Gm1" true true false 8 Double 0 0,First,#,ACS_2019_5YR_TRACT_27_MINNESOTA,X01_AGE_AND_SEX.B01001Gm1,-1,-1;B01001Ge2 "B01001Ge2" true true false 8 Double 0 0,First,#,ACS_2019_5YR_TRACT_27_MINNESOTA,X01_AGE_AND_SEX.B01001Ge2,-1,-1;B01001Gm2 "B01001Gm2" true true false 8 Double 0 0,First,#,ACS_2019_5YR_TRACT_27_MINNESOTA,X01_AGE_AND_SEX.B01001Gm2,-1,-1;B01001Ge3 "B01001Ge3" true true false 8 Double 0 0,First,#,ACS_2019_5YR_TRACT_27_MINNESOTA,X01_AGE_AND_SEX.B01001Ge3,-1,-1;B01001Gm3 "B01001Gm3" true true false 8 Double 0 0,First,#,ACS_2019_5YR_TRACT_27_MINNESOTA,X01_AGE_AND_SEX.B01001Gm3,-1,-1;B01001Ge4 "B01001Ge4" true true false 8 Double 0 0,First,#,ACS_2019_5YR_TRACT_27_MINNESOTA,X01_AGE_AND_SEX.B01001Ge4,-1,-1;B01001Gm4 "B01001Gm4" true true false 8 Double 0 0,First,#,ACS_2019_5YR_TRACT_27_MINNESOTA,X01_AGE_AND_SEX.B01001Gm4,-1,-1;B01001Ge5 "B01001Ge5" true true false 8 Double 0 0,First,#,ACS_2019_5YR_TRACT_27_MINNESOTA,X01_AGE_AND_SEX.B01001Ge5,-1,-1;B01001Gm5 "B01001Gm5" true true false 8 Double 0 0,First,#,ACS_2019_5YR_TRACT_27_MINNESOTA,X01_AGE_AND_SEX.B01001Gm5,-1,-1;B01001Ge6 "B01001Ge6" true true false 8 Double 0 0,First,#,ACS_2019_5YR_TRACT_27_MINNESOTA,X01_AGE_AND_SEX.B01001Ge6,-1,-1;B01001Gm6 "B01001Gm6" true true false 8 Double 0 0,First,#,ACS_2019_5YR_TRACT_27_MINNESOTA,X01_AGE_AND_SEX.B01001Gm6,-1,-1;B01001Ge7 "B01001Ge7" true true false 8 Double 0 0,First,#,ACS_2019_5YR_TRACT_27_MINNESOTA,X01_AGE_AND_SEX.B01001Ge7,-1,-1;B01001Gm7 "B01001Gm7" true true false 8 Double 0 0,First,#,ACS_2019_5YR_TRACT_27_MINNESOTA,X01_AGE_AND_SEX.B01001Gm7,-1,-1;B01001Ge8 "B01001Ge8" true true false 8 Double 0 0,First,#,ACS_2019_5YR_TRACT_27_MINNESOTA,X01_AGE_AND_SEX.B01001Ge8,-1,-1;B01001Gm8 "B01001Gm8" true true false 8 Double 0 0,First,#,ACS_2019_5YR_TRACT_27_MINNESOTA,X01_AGE_AND_SEX.B01001Gm8,-1,-1;B01001Ge9 "B01001Ge9" true true false 8 Double 0 0,First,#,ACS_2019_5YR_TRACT_27_MINNESOTA,X01_AGE_AND_SEX.B01001Ge9,-1,-1;B01001Gm9 "B01001Gm9" true true false 8 Double 0 0,First,#,ACS_2019_5YR_TRACT_27_MINNESOTA,X01_AGE_AND_SEX.B01001Gm9,-1,-1;B01001Ge10 "B01001Ge10" true true false 8 Double 0 0,First,#,ACS_2019_5YR_TRACT_27_MINNESOTA,X01_AGE_AND_SEX.B01001Ge10,-1,-1;B01001Gm10 "B01001Gm10" true true false 8 Double 0 0,First,#,ACS_2019_5YR_TRACT_27_MINNESOTA,X01_AGE_AND_SEX.B01001Gm10,-1,-1;B01001Ge11 "B01001Ge11" true true false 8 Double 0 0,First,#,ACS_2019_5YR_TRACT_27_MINNESOTA,X01_AGE_AND_SEX.B01001Ge11,-1,-1;B01001Gm11 "B01001Gm11" true true false 8 Double 0 0,First,#,ACS_2019_5YR_TRACT_27_MINNESOTA,X01_AGE_AND_SEX.B01001Gm11,-1,-1;B01001Ge12 "B01001Ge12" true true false 8 Double 0 0,First,#,ACS_2019_5YR_TRACT_27_MINNESOTA,X01_AGE_AND_SEX.B01001Ge12,-1,-1;B01001Gm12 "B01001Gm12" true true false 8 Double 0 0,First,#,ACS_2019_5YR_TRACT_27_MINNESOTA,X01_AGE_AND_SEX.B01001Gm12,-1,-1;B01001Ge13 "B01001Ge13" true true false 8 Double 0 0,First,#,ACS_2019_5YR_TRACT_27_MINNESOTA,X01_AGE_AND_SEX.B01001Ge13,-1,-1;B01001Gm13 "B01001Gm13" true true false 8 Double 0 0,First,#,ACS_2019_5YR_TRACT_27_MINNESOTA,X01_AGE_AND_SEX.B01001Gm13,-1,-1;B01001Ge14 "B01001Ge14" true true false 8 Double 0 0,First,#,ACS_2019_5YR_TRACT_27_MINNESOTA,X01_AGE_AND_SEX.B01001Ge14,-1,-1;B01001Gm14 "B01001Gm14" true true false 8 Double 0 0,First,#,ACS_2019_5YR_TRACT_27_MINNESOTA,X01_AGE_AND_SEX.B01001Gm14,-1,-1;B01001Ge15 "B01001Ge15" true true false 8 Double 0 0,First,#,ACS_2019_5YR_TRACT_27_MINNESOTA,X01_AGE_AND_SEX.B01001Ge15,-1,-1;B01001Gm15 "B01001Gm15" true true false 8 Double 0 0,First,#,ACS_2019_5YR_TRACT_27_MINNESOTA,X01_AGE_AND_SEX.B01001Gm15,-1,-1;B01001Ge16 "B01001Ge16" true true false 8 Double 0 0,First,#,ACS_2019_5YR_TRACT_27_MINNESOTA,X01_AGE_AND_SEX.B01001Ge16,-1,-1;B01001Gm16 "B01001Gm16" true true false 8 Double 0 0,First,#,ACS_2019_5YR_TRACT_27_MINNESOTA,X01_AGE_AND_SEX.B01001Gm16,-1,-1;B01001Ge17 "B01001Ge17" true true false 8 Double 0 0,First,#,ACS_2019_5YR_TRACT_27_MINNESOTA,X01_AGE_AND_SEX.B01001Ge17,-1,-1;B01001Gm17 "B01001Gm17" true true false 8 Double 0 0,First,#,ACS_2019_5YR_TRACT_27_MINNESOTA,X01_AGE_AND_SEX.B01001Gm17,-1,-1;B01001Ge18 "B01001Ge18" true true false 8 Double 0 0,First,#,ACS_2019_5YR_TRACT_27_MINNESOTA,X01_AGE_AND_SEX.B01001Ge18,-1,-1;B01001Gm18 "B01001Gm18" true true false 8 Double 0 0,First,#,ACS_2019_5YR_TRACT_27_MINNESOTA,X01_AGE_AND_SEX.B01001Gm18,-1,-1;B01001Ge19 "B01001Ge19" true true false 8 Double 0 0,First,#,ACS_2019_5YR_TRACT_27_MINNESOTA,X01_AGE_AND_SEX.B01001Ge19,-1,-1;B01001Gm19 "B01001Gm19" true true false 8 Double 0 0,First,#,ACS_2019_5YR_TRACT_27_MINNESOTA,X01_AGE_AND_SEX.B01001Gm19,-1,-1;B01001Ge20 "B01001Ge20" true true false 8 Double 0 0,First,#,ACS_2019_5YR_TRACT_27_MINNESOTA,X01_AGE_AND_SEX.B01001Ge20,-1,-1;B01001Gm20 "B01001Gm20" true true false 8 Double 0 0,First,#,ACS_2019_5YR_TRACT_27_MINNESOTA,X01_AGE_AND_SEX.B01001Gm20,-1,-1;B01001Ge21 "B01001Ge21" true true false 8 Double 0 0,First,#,ACS_2019_5YR_TRACT_27_MINNESOTA,X01_AGE_AND_SEX.B01001Ge21,-1,-1;B01001Gm21 "B01001Gm21" true true false 8 Double 0 0,First,#,ACS_2019_5YR_TRACT_27_MINNESOTA,X01_AGE_AND_SEX.B01001Gm21,-1,-1;B01001Ge22 "B01001Ge22" true true false 8 Double 0 0,First,#,ACS_2019_5YR_TRACT_27_MINNESOTA,X01_AGE_AND_SEX.B01001Ge22,-1,-1;B01001Gm22 "B01001Gm22" true true false 8 Double 0 0,First,#,ACS_2019_5YR_TRACT_27_MINNESOTA,X01_AGE_AND_SEX.B01001Gm22,-1,-1;B01001Ge23 "B01001Ge23" true true false 8 Double 0 0,First,#,ACS_2019_5YR_TRACT_27_MINNESOTA,X01_AGE_AND_SEX.B01001Ge23,-1,-1;B01001Gm23 "B01001Gm23" true true false 8 Double 0 0,First,#,ACS_2019_5YR_TRACT_27_MINNESOTA,X01_AGE_AND_SEX.B01001Gm23,-1,-1;B01001Ge24 "B01001Ge24" true true false 8 Double 0 0,First,#,ACS_2019_5YR_TRACT_27_MINNESOTA,X01_AGE_AND_SEX.B01001Ge24,-1,-1;B01001Gm24 "B01001Gm24" true true false 8 Double 0 0,First,#,ACS_2019_5YR_TRACT_27_MINNESOTA,X01_AGE_AND_SEX.B01001Gm24,-1,-1;B01001Ge25 "B01001Ge25" true true false 8 Double 0 0,First,#,ACS_2019_5YR_TRACT_27_MINNESOTA,X01_AGE_AND_SEX.B01001Ge25,-1,-1;B01001Gm25 "B01001Gm25" true true false 8 Double 0 0,First,#,ACS_2019_5YR_TRACT_27_MINNESOTA,X01_AGE_AND_SEX.B01001Gm25,-1,-1;B01001Ge26 "B01001Ge26" true true false 8 Double 0 0,First,#,ACS_2019_5YR_TRACT_27_MINNESOTA,X01_AGE_AND_SEX.B01001Ge26,-1,-1;B01001Gm26 "B01001Gm26" true true false 8 Double 0 0,First,#,ACS_2019_5YR_TRACT_27_MINNESOTA,X01_AGE_AND_SEX.B01001Gm26,-1,-1;B01001Ge27 "B01001Ge27" true true false 8 Double 0 0,First,#,ACS_2019_5YR_TRACT_27_MINNESOTA,X01_AGE_AND_SEX.B01001Ge27,-1,-1;B01001Gm27 "B01001Gm27" true true false 8 Double 0 0,First,#,ACS_2019_5YR_TRACT_27_MINNESOTA,X01_AGE_AND_SEX.B01001Gm27,-1,-1;B01001Ge28 "B01001Ge28" true true false 8 Double 0 0,First,#,ACS_2019_5YR_TRACT_27_MINNESOTA,X01_AGE_AND_SEX.B01001Ge28,-1,-1;B01001Gm28 "B01001Gm28" true true false 8 Double 0 0,First,#,ACS_2019_5YR_TRACT_27_MINNESOTA,X01_AGE_AND_SEX.B01001Gm28,-1,-1;B01001Ge29 "B01001Ge29" true true false 8 Double 0 0,First,#,ACS_2019_5YR_TRACT_27_MINNESOTA,X01_AGE_AND_SEX.B01001Ge29,-1,-1;B01001Gm29 "B01001Gm29" true true false 8 Double 0 0,First,#,ACS_2019_5YR_TRACT_27_MINNESOTA,X01_AGE_AND_SEX.B01001Gm29,-1,-1;B01001Ge30 "B01001Ge30" true true false 8 Double 0 0,First,#,ACS_2019_5YR_TRACT_27_MINNESOTA,X01_AGE_AND_SEX.B01001Ge30,-1,-1;B01001Gm30 "B01001Gm30" true true false 8 Double 0 0,First,#,ACS_2019_5YR_TRACT_27_MINNESOTA,X01_AGE_AND_SEX.B01001Gm30,-1,-1;B01001Ge31 "B01001Ge31" true true false 8 Double 0 0,First,#,ACS_2019_5YR_TRACT_27_MINNESOTA,X01_AGE_AND_SEX.B01001Ge31,-1,-1;B01001Gm31 "B01001Gm31" true true false 8 Double 0 0,First,#,ACS_2019_5YR_TRACT_27_MINNESOTA,X01_AGE_AND_SEX.B01001Gm31,-1,-1;B01001He1 "B01001He1" true true false 8 Double 0 0,First,#,ACS_2019_5YR_TRACT_27_MINNESOTA,X01_AGE_AND_SEX.B01001He1,-1,-1;B01001Hm1 "B01001Hm1" true true false 8 Double 0 0,First,#,ACS_2019_5YR_TRACT_27_MINNESOTA,X01_AGE_AND_SEX.B01001Hm1,-1,-1;B01001He2 "B01001He2" true true false 8 Double 0 0,First,#,ACS_2019_5YR_TRACT_27_MINNESOTA,X01_AGE_AND_SEX.B01001He2,-1,-1;B01001Hm2 "B01001Hm2" true true false 8 Double 0 0,First,#,ACS_2019_5YR_TRACT_27_MINNESOTA,X01_AGE_AND_SEX.B01001Hm2,-1,-1;B01001He3 "B01001He3" true true false 8 Double 0 0,First,#,ACS_2019_5YR_TRACT_27_MINNESOTA,X01_AGE_AND_SEX.B01001He3,-1,-1;B01001Hm3 "B01001Hm3" true true false 8 Double 0 0,First,#,ACS_2019_5YR_TRACT_27_MINNESOTA,X01_AGE_AND_SEX.B01001Hm3,-1,-1;B01001He4 "B01001He4" true true false 8 Double 0 0,First,#,ACS_2019_5YR_TRACT_27_MINNESOTA,X01_AGE_AND_SEX.B01001He4,-1,-1;B01001Hm4 "B01001Hm4" true true false 8 Double 0 0,First,#,ACS_2019_5YR_TRACT_27_MINNESOTA,X01_AGE_AND_SEX.B01001Hm4,-1,-1;B01001He5 "B01001He5" true true false 8 Double 0 0,First,#,ACS_2019_5YR_TRACT_27_MINNESOTA,X01_AGE_AND_SEX.B01001He5,-1,-1;B01001Hm5 "B01001Hm5" true true false 8 Double 0 0,First,#,ACS_2019_5YR_TRACT_27_MINNESOTA,X01_AGE_AND_SEX.B01001Hm5,-1,-1;B01001He6 "B01001He6" true true false 8 Double 0 0,First,#,ACS_2019_5YR_TRACT_27_MINNESOTA,X01_AGE_AND_SEX.B01001He6,-1,-1;B01001Hm6 "B01001Hm6" true true false 8 Double 0 0,First,#,ACS_2019_5YR_TRACT_27_MINNESOTA,X01_AGE_AND_SEX.B01001Hm6,-1,-1;B01001He7 "B01001He7" true true false 8 Double 0 0,First,#,ACS_2019_5YR_TRACT_27_MINNESOTA,X01_AGE_AND_SEX.B01001He7,-1,-1;B01001Hm7 "B01001Hm7" true true false 8 Double 0 0,First,#,ACS_2019_5YR_TRACT_27_MINNESOTA,X01_AGE_AND_SEX.B01001Hm7,-1,-1;B01001He8 "B01001He8" true true false 8 Double 0 0,First,#,ACS_2019_5YR_TRACT_27_MINNESOTA,X01_AGE_AND_SEX.B01001He8,-1,-1;B01001Hm8 "B01001Hm8" true true false 8 Double 0 0,First,#,ACS_2019_5YR_TRACT_27_MINNESOTA,X01_AGE_AND_SEX.B01001Hm8,-1,-1;B01001He9 "B01001He9" true true false 8 Double 0 0,First,#,ACS_2019_5YR_TRACT_27_MINNESOTA,X01_AGE_AND_SEX.B01001He9,-1,-1;B01001Hm9 "B01001Hm9" true true false 8 Double 0 0,First,#,ACS_2019_5YR_TRACT_27_MINNESOTA,X01_AGE_AND_SEX.B01001Hm9,-1,-1;B01001He10 "B01001He10" true true false 8 Double 0 0,First,#,ACS_2019_5YR_TRACT_27_MINNESOTA,X01_AGE_AND_SEX.B01001He10,-1,-1;B01001Hm10 "B01001Hm10" true true false 8 Double 0 0,First,#,ACS_2019_5YR_TRACT_27_MINNESOTA,X01_AGE_AND_SEX.B01001Hm10,-1,-1;B01001He11 "B01001He11" true true false 8 Double 0 0,First,#,ACS_2019_5YR_TRACT_27_MINNESOTA,X01_AGE_AND_SEX.B01001He11,-1,-1;B01001Hm11 "B01001Hm11" true true false 8 Double 0 0,First,#,ACS_2019_5YR_TRACT_27_MINNESOTA,X01_AGE_AND_SEX.B01001Hm11,-1,-1;B01001He12 "B01001He12" true true false 8 Double 0 0,First,#,ACS_2019_5YR_TRACT_27_MINNESOTA,X01_AGE_AND_SEX.B01001He12,-1,-1;B01001Hm12 "B01001Hm12" true true false 8 Double 0 0,First,#,ACS_2019_5YR_TRACT_27_MINNESOTA,X01_AGE_AND_SEX.B01001Hm12,-1,-1;B01001He13 "B01001He13" true true false 8 Double 0 0,First,#,ACS_2019_5YR_TRACT_27_MINNESOTA,X01_AGE_AND_SEX.B01001He13,-1,-1;B01001Hm13 "B01001Hm13" true true false 8 Double 0 0,First,#,ACS_2019_5YR_TRACT_27_MINNESOTA,X01_AGE_AND_SEX.B01001Hm13,-1,-1;B01001He14 "B01001He14" true true false 8 Double 0 0,First,#,ACS_2019_5YR_TRACT_27_MINNESOTA,X01_AGE_AND_SEX.B01001He14,-1,-1;B01001Hm14 "B01001Hm14" true true false 8 Double 0 0,First,#,ACS_2019_5YR_TRACT_27_MINNESOTA,X01_AGE_AND_SEX.B01001Hm14,-1,-1;B01001He15 "B01001He15" true true false 8 Double 0 0,First,#,ACS_2019_5YR_TRACT_27_MINNESOTA,X01_AGE_AND_SEX.B01001He15,-1,-1;B01001Hm15 "B01001Hm15" true true false 8 Double 0 0,First,#,ACS_2019_5YR_TRACT_27_MINNESOTA,X01_AGE_AND_SEX.B01001Hm15,-1,-1;B01001He16 "B01001He16" true true false 8 Double 0 0,First,#,ACS_2019_5YR_TRACT_27_MINNESOTA,X01_AGE_AND_SEX.B01001He16,-1,-1;B01001Hm16 "B01001Hm16" true true false 8 Double 0 0,First,#,ACS_2019_5YR_TRACT_27_MINNESOTA,X01_AGE_AND_SEX.B01001Hm16,-1,-1;B01001He17 "B01001He17" true true false 8 Double 0 0,First,#,ACS_2019_5YR_TRACT_27_MINNESOTA,X01_AGE_AND_SEX.B01001He17,-1,-1;B01001Hm17 "B01001Hm17" true true false 8 Double 0 0,First,#,ACS_2019_5YR_TRACT_27_MINNESOTA,X01_AGE_AND_SEX.B01001Hm17,-1,-1;B01001He18 "B01001He18" true true false 8 Double 0 0,First,#,ACS_2019_5YR_TRACT_27_MINNESOTA,X01_AGE_AND_SEX.B01001He18,-1,-1;B01001Hm18 "B01001Hm18" true true false 8 Double 0 0,First,#,ACS_2019_5YR_TRACT_27_MINNESOTA,X01_AGE_AND_SEX.B01001Hm18,-1,-1;B01001He19 "B01001He19" true true false 8 Double 0 0,First,#,ACS_2019_5YR_TRACT_27_MINNESOTA,X01_AGE_AND_SEX.B01001He19,-1,-1;B01001Hm19 "B01001Hm19" true true false 8 Double 0 0,First,#,ACS_2019_5YR_TRACT_27_MINNESOTA,X01_AGE_AND_SEX.B01001Hm19,-1,-1;B01001He20 "B01001He20" true true false 8 Double 0 0,First,#,ACS_2019_5YR_TRACT_27_MINNESOTA,X01_AGE_AND_SEX.B01001He20,-1,-1;B01001Hm20 "B01001Hm20" true true false 8 Double 0 0,First,#,ACS_2019_5YR_TRACT_27_MINNESOTA,X01_AGE_AND_SEX.B01001Hm20,-1,-1;B01001He21 "B01001He21" true true false 8 Double 0 0,First,#,ACS_2019_5YR_TRACT_27_MINNESOTA,X01_AGE_AND_SEX.B01001He21,-1,-1;B01001Hm21 "B01001Hm21" true true false 8 Double 0 0,First,#,ACS_2019_5YR_TRACT_27_MINNESOTA,X01_AGE_AND_SEX.B01001Hm21,-1,-1;B01001He22 "B01001He22" true true false 8 Double 0 0,First,#,ACS_2019_5YR_TRACT_27_MINNESOTA,X01_AGE_AND_SEX.B01001He22,-1,-1;B01001Hm22 "B01001Hm22" true true false 8 Double 0 0,First,#,ACS_2019_5YR_TRACT_27_MINNESOTA,X01_AGE_AND_SEX.B01001Hm22,-1,-1;B01001He23 "B01001He23" true true false 8 Double 0 0,First,#,ACS_2019_5YR_TRACT_27_MINNESOTA,X01_AGE_AND_SEX.B01001He23,-1,-1;B01001Hm23 "B01001Hm23" true true false 8 Double 0 0,First,#,ACS_2019_5YR_TRACT_27_MINNESOTA,X01_AGE_AND_SEX.B01001Hm23,-1,-1;B01001He24 "B01001He24" true true false 8 Double 0 0,First,#,ACS_2019_5YR_TRACT_27_MINNESOTA,X01_AGE_AND_SEX.B01001He24,-1,-1;B01001Hm24 "B01001Hm24" true true false 8 Double 0 0,First,#,ACS_2019_5YR_TRACT_27_MINNESOTA,X01_AGE_AND_SEX.B01001Hm24,-1,-1;B01001He25 "B01001He25" true true false 8 Double 0 0,First,#,ACS_2019_5YR_TRACT_27_MINNESOTA,X01_AGE_AND_SEX.B01001He25,-1,-1;B01001Hm25 "B01001Hm25" true true false 8 Double 0 0,First,#,ACS_2019_5YR_TRACT_27_MINNESOTA,X01_AGE_AND_SEX.B01001Hm25,-1,-1;B01001He26 "B01001He26" true true false 8 Double 0 0,First,#,ACS_2019_5YR_TRACT_27_MINNESOTA,X01_AGE_AND_SEX.B01001He26,-1,-1;B01001Hm26 "B01001Hm26" true true false 8 Double 0 0,First,#,ACS_2019_5YR_TRACT_27_MINNESOTA,X01_AGE_AND_SEX.B01001Hm26,-1,-1;B01001He27 "B01001He27" true true false 8 Double 0 0,First,#,ACS_2019_5YR_TRACT_27_MINNESOTA,X01_AGE_AND_SEX.B01001He27,-1,-1;B01001Hm27 "B01001Hm27" true true false 8 Double 0 0,First,#,ACS_2019_5YR_TRACT_27_MINNESOTA,X01_AGE_AND_SEX.B01001Hm27,-1,-1;B01001He28 "B01001He28" true true false 8 Double 0 0,First,#,ACS_2019_5YR_TRACT_27_MINNESOTA,X01_AGE_AND_SEX.B01001He28,-1,-1;B01001Hm28 "B01001Hm28" true true false 8 Double 0 0,First,#,ACS_2019_5YR_TRACT_27_MINNESOTA,X01_AGE_AND_SEX.B01001Hm28,-1,-1;B01001He29 "B01001He29" true true false 8 Double 0 0,First,#,ACS_2019_5YR_TRACT_27_MINNESOTA,X01_AGE_AND_SEX.B01001He29,-1,-1;B01001Hm29 "B01001Hm29" true true false 8 Double 0 0,First,#,ACS_2019_5YR_TRACT_27_MINNESOTA,X01_AGE_AND_SEX.B01001Hm29,-1,-1;B01001He30 "B01001He30" true true false 8 Double 0 0,First,#,ACS_2019_5YR_TRACT_27_MINNESOTA,X01_AGE_AND_SEX.B01001He30,-1,-1;B01001Hm30 "B01001Hm30" true true false 8 Double 0 0,First,#,ACS_2019_5YR_TRACT_27_MINNESOTA,X01_AGE_AND_SEX.B01001Hm30,-1,-1;B01001He31 "B01001He31" true true false 8 Double 0 0,First,#,ACS_2019_5YR_TRACT_27_MINNESOTA,X01_AGE_AND_SEX.B01001He31,-1,-1;B01001Hm31 "B01001Hm31" true true false 8 Double 0 0,First,#,ACS_2019_5YR_TRACT_27_MINNESOTA,X01_AGE_AND_SEX.B01001Hm31,-1,-1;B01001Ie1 "B01001Ie1" true true false 8 Double 0 0,First,#,ACS_2019_5YR_TRACT_27_MINNESOTA,X01_AGE_AND_SEX.B01001Ie1,-1,-1;B01001Im1 "B01001Im1" true true false 8 Double 0 0,First,#,ACS_2019_5YR_TRACT_27_MINNESOTA,X01_AGE_AND_SEX.B01001Im1,-1,-1;B01001Ie2 "B01001Ie2" true true false 8 Double 0 0,First,#,ACS_2019_5YR_TRACT_27_MINNESOTA,X01_AGE_AND_SEX.B01001Ie2,-1,-1;B01001Im2 "B01001Im2" true true false 8 Double 0 0,First,#,ACS_2019_5YR_TRACT_27_MINNESOTA,X01_AGE_AND_SEX.B01001Im2,-1,-1;B01001Ie3 "B01001Ie3" true true false 8 Double 0 0,First,#,ACS_2019_5YR_TRACT_27_MINNESOTA,X01_AGE_AND_SEX.B01001Ie3,-1,-1;B01001Im3 "B01001Im3" true true false 8 Double 0 0,First,#,ACS_2019_5YR_TRACT_27_MINNESOTA,X01_AGE_AND_SEX.B01001Im3,-1,-1;B01001Ie4 "B01001Ie4" true true false 8 Double 0 0,First,#,ACS_2019_5YR_TRACT_27_MINNESOTA,X01_AGE_AND_SEX.B01001Ie4,-1,-1;B01001Im4 "B01001Im4" true true false 8 Double 0 0,First,#,ACS_2019_5YR_TRACT_27_MINNESOTA,X01_AGE_AND_SEX.B01001Im4,-1,-1;B01001Ie5 "B01001Ie5" true true false 8 Double 0 0,First,#,ACS_2019_5YR_TRACT_27_MINNESOTA,X01_AGE_AND_SEX.B01001Ie5,-1,-1;B01001Im5 "B01001Im5" true true false 8 Double 0 0,First,#,ACS_2019_5YR_TRACT_27_MINNESOTA,X01_AGE_AND_SEX.B01001Im5,-1,-1;B01001Ie6 "B01001Ie6" true true false 8 Double 0 0,First,#,ACS_2019_5YR_TRACT_27_MINNESOTA,X01_AGE_AND_SEX.B01001Ie6,-1,-1;B01001Im6 "B01001Im6" true true false 8 Double 0 0,First,#,ACS_2019_5YR_TRACT_27_MINNESOTA,X01_AGE_AND_SEX.B01001Im6,-1,-1;B01001Ie7 "B01001Ie7" true true false 8 Double 0 0,First,#,ACS_2019_5YR_TRACT_27_MINNESOTA,X01_AGE_AND_SEX.B01001Ie7,-1,-1;B01001Im7 "B01001Im7" true true false 8 Double 0 0,First,#,ACS_2019_5YR_TRACT_27_MINNESOTA,X01_AGE_AND_SEX.B01001Im7,-1,-1;B01001Ie8 "B01001Ie8" true true false 8 Double 0 0,First,#,ACS_2019_5YR_TRACT_27_MINNESOTA,X01_AGE_AND_SEX.B01001Ie8,-1,-1;B01001Im8 "B01001Im8" true true false 8 Double 0 0,First,#,ACS_2019_5YR_TRACT_27_MINNESOTA,X01_AGE_AND_SEX.B01001Im8,-1,-1;B01001Ie9 "B01001Ie9" true true false 8 Double 0 0,First,#,ACS_2019_5YR_TRACT_27_MINNESOTA,X01_AGE_AND_SEX.B01001Ie9,-1,-1;B01001Im9 "B01001Im9" true true false 8 Double 0 0,First,#,ACS_2019_5YR_TRACT_27_MINNESOTA,X01_AGE_AND_SEX.B01001Im9,-1,-1;B01001Ie10 "B01001Ie10" true true false 8 Double 0 0,First,#,ACS_2019_5YR_TRACT_27_MINNESOTA,X01_AGE_AND_SEX.B01001Ie10,-1,-1;B01001Im10 "B01001Im10" true true false 8 Double 0 0,First,#,ACS_2019_5YR_TRACT_27_MINNESOTA,X01_AGE_AND_SEX.B01001Im10,-1,-1;B01001Ie11 "B01001Ie11" true true false 8 Double 0 0,First,#,ACS_2019_5YR_TRACT_27_MINNESOTA,X01_AGE_AND_SEX.B01001Ie11,-1,-1;B01001Im11 "B01001Im11" true true false 8 Double 0 0,First,#,ACS_2019_5YR_TRACT_27_MINNESOTA,X01_AGE_AND_SEX.B01001Im11,-1,-1;B01001Ie12 "B01001Ie12" true true false 8 Double 0 0,First,#,ACS_2019_5YR_TRACT_27_MINNESOTA,X01_AGE_AND_SEX.B01001Ie12,-1,-1;B01001Im12 "B01001Im12" true true false 8 Double 0 0,First,#,ACS_2019_5YR_TRACT_27_MINNESOTA,X01_AGE_AND_SEX.B01001Im12,-1,-1;B01001Ie13 "B01001Ie13" true true false 8 Double 0 0,First,#,ACS_2019_5YR_TRACT_27_MINNESOTA,X01_AGE_AND_SEX.B01001Ie13,-1,-1;B01001Im13 "B01001Im13" true true false 8 Double 0 0,First,#,ACS_2019_5YR_TRACT_27_MINNESOTA,X01_AGE_AND_SEX.B01001Im13,-1,-1;B01001Ie14 "B01001Ie14" true true false 8 Double 0 0,First,#,ACS_2019_5YR_TRACT_27_MINNESOTA,X01_AGE_AND_SEX.B01001Ie14,-1,-1;B01001Im14 "B01001Im14" true true false 8 Double 0 0,First,#,ACS_2019_5YR_TRACT_27_MINNESOTA,X01_AGE_AND_SEX.B01001Im14,-1,-1;B01001Ie15 "B01001Ie15" true true false 8 Double 0 0,First,#,ACS_2019_5YR_TRACT_27_MINNESOTA,X01_AGE_AND_SEX.B01001Ie15,-1,-1;B01001Im15 "B01001Im15" true true false 8 Double 0 0,First,#,ACS_2019_5YR_TRACT_27_MINNESOTA,X01_AGE_AND_SEX.B01001Im15,-1,-1;B01001Ie16 "B01001Ie16" true true false 8 Double 0 0,First,#,ACS_2019_5YR_TRACT_27_MINNESOTA,X01_AGE_AND_SEX.B01001Ie16,-1,-1;B01001Im16 "B01001Im16" true true false 8 Double 0 0,First,#,ACS_2019_5YR_TRACT_27_MINNESOTA,X01_AGE_AND_SEX.B01001Im16,-1,-1;B01001Ie17 "B01001Ie17" true true false 8 Double 0 0,First,#,ACS_2019_5YR_TRACT_27_MINNESOTA,X01_AGE_AND_SEX.B01001Ie17,-1,-1;B01001Im17 "B01001Im17" true true false 8 Double 0 0,First,#,ACS_2019_5YR_TRACT_27_MINNESOTA,X01_AGE_AND_SEX.B01001Im17,-1,-1;B01001Ie18 "B01001Ie18" true true false 8 Double 0 0,First,#,ACS_2019_5YR_TRACT_27_MINNESOTA,X01_AGE_AND_SEX.B01001Ie18,-1,-1;B01001Im18 "B01001Im18" true true false 8 Double 0 0,First,#,ACS_2019_5YR_TRACT_27_MINNESOTA,X01_AGE_AND_SEX.B01001Im18,-1,-1;B01001Ie19 "B01001Ie19" true true false 8 Double 0 0,First,#,ACS_2019_5YR_TRACT_27_MINNESOTA,X01_AGE_AND_SEX.B01001Ie19,-1,-1;B01001Im19 "B01001Im19" true true false 8 Double 0 0,First,#,ACS_2019_5YR_TRACT_27_MINNESOTA,X01_AGE_AND_SEX.B01001Im19,-1,-1;B01001Ie20 "B01001Ie20" true true false 8 Double 0 0,First,#,ACS_2019_5YR_TRACT_27_MINNESOTA,X01_AGE_AND_SEX.B01001Ie20,-1,-1;B01001Im20 "B01001Im20" true true false 8 Double 0 0,First,#,ACS_2019_5YR_TRACT_27_MINNESOTA,X01_AGE_AND_SEX.B01001Im20,-1,-1;B01001Ie21 "B01001Ie21" true true false 8 Double 0 0,First,#,ACS_2019_5YR_TRACT_27_MINNESOTA,X01_AGE_AND_SEX.B01001Ie21,-1,-1;B01001Im21 "B01001Im21" true true false 8 Double 0 0,First,#,ACS_2019_5YR_TRACT_27_MINNESOTA,X01_AGE_AND_SEX.B01001Im21,-1,-1;B01001Ie22 "B01001Ie22" true true false 8 Double 0 0,First,#,ACS_2019_5YR_TRACT_27_MINNESOTA,X01_AGE_AND_SEX.B01001Ie22,-1,-1;B01001Im22 "B01001Im22" true true false 8 Double 0 0,First,#,ACS_2019_5YR_TRACT_27_MINNESOTA,X01_AGE_AND_SEX.B01001Im22,-1,-1;B01001Ie23 "B01001Ie23" true true false 8 Double 0 0,First,#,ACS_2019_5YR_TRACT_27_MINNESOTA,X01_AGE_AND_SEX.B01001Ie23,-1,-1;B01001Im23 "B01001Im23" true true false 8 Double 0 0,First,#,ACS_2019_5YR_TRACT_27_MINNESOTA,X01_AGE_AND_SEX.B01001Im23,-1,-1;B01001Ie24 "B01001Ie24" true true false 8 Double 0 0,First,#,ACS_2019_5YR_TRACT_27_MINNESOTA,X01_AGE_AND_SEX.B01001Ie24,-1,-1;B01001Im24 "B01001Im24" true true false 8 Double 0 0,First,#,ACS_2019_5YR_TRACT_27_MINNESOTA,X01_AGE_AND_SEX.B01001Im24,-1,-1;B01001Ie25 "B01001Ie25" true true false 8 Double 0 0,First,#,ACS_2019_5YR_TRACT_27_MINNESOTA,X01_AGE_AND_SEX.B01001Ie25,-1,-1;B01001Im25 "B01001Im25" true true false 8 Double 0 0,First,#,ACS_2019_5YR_TRACT_27_MINNESOTA,X01_AGE_AND_SEX.B01001Im25,-1,-1;B01001Ie26 "B01001Ie26" true true false 8 Double 0 0,First,#,ACS_2019_5YR_TRACT_27_MINNESOTA,X01_AGE_AND_SEX.B01001Ie26,-1,-1;B01001Im26 "B01001Im26" true true false 8 Double 0 0,First,#,ACS_2019_5YR_TRACT_27_MINNESOTA,X01_AGE_AND_SEX.B01001Im26,-1,-1;B01001Ie27 "B01001Ie27" true true false 8 Double 0 0,First,#,ACS_2019_5YR_TRACT_27_MINNESOTA,X01_AGE_AND_SEX.B01001Ie27,-1,-1;B01001Im27 "B01001Im27" true true false 8 Double 0 0,First,#,ACS_2019_5YR_TRACT_27_MINNESOTA,X01_AGE_AND_SEX.B01001Im27,-1,-1;B01001Ie28 "B01001Ie28" true true false 8 Double 0 0,First,#,ACS_2019_5YR_TRACT_27_MINNESOTA,X01_AGE_AND_SEX.B01001Ie28,-1,-1;B01001Im28 "B01001Im28" true true false 8 Double 0 0,First,#,ACS_2019_5YR_TRACT_27_MINNESOTA,X01_AGE_AND_SEX.B01001Im28,-1,-1;B01001Ie29 "B01001Ie29" true true false 8 Double 0 0,First,#,ACS_2019_5YR_TRACT_27_MINNESOTA,X01_AGE_AND_SEX.B01001Ie29,-1,-1;B01001Im29 "B01001Im29" true true false 8 Double 0 0,First,#,ACS_2019_5YR_TRACT_27_MINNESOTA,X01_AGE_AND_SEX.B01001Im29,-1,-1;B01001Ie30 "B01001Ie30" true true false 8 Double 0 0,First,#,ACS_2019_5YR_TRACT_27_MINNESOTA,X01_AGE_AND_SEX.B01001Ie30,-1,-1;B01001Im30 "B01001Im30" true true false 8 Double 0 0,First,#,ACS_2019_5YR_TRACT_27_MINNESOTA,X01_AGE_AND_SEX.B01001Im30,-1,-1;B01001Ie31 "B01001Ie31" true true false 8 Double 0 0,First,#,ACS_2019_5YR_TRACT_27_MINNESOTA,X01_AGE_AND_SEX.B01001Ie31,-1,-1;B01001Im31 "B01001Im31" true true false 8 Double 0 0,First,#,ACS_2019_5YR_TRACT_27_MINNESOTA,X01_AGE_AND_SEX.B01001Im31,-1,-1;B01002e1 "B01002e1" true true false 8 Double 0 0,First,#,ACS_2019_5YR_TRACT_27_MINNESOTA,X01_AGE_AND_SEX.B01002e1,-1,-1;B01002m1 "B01002m1" true true false 8 Double 0 0,First,#,ACS_2019_5YR_TRACT_27_MINNESOTA,X01_AGE_AND_SEX.B01002m1,-1,-1;B01002e2 "B01002e2" true true false 8 Double 0 0,First,#,ACS_2019_5YR_TRACT_27_MINNESOTA,X01_AGE_AND_SEX.B01002e2,-1,-1;B01002m2 "B01002m2" true true false 8 Double 0 0,First,#,ACS_2019_5YR_TRACT_27_MINNESOTA,X01_AGE_AND_SEX.B01002m2,-1,-1;B01002e3 "B01002e3" true true false 8 Double 0 0,First,#,ACS_2019_5YR_TRACT_27_MINNESOTA,X01_AGE_AND_SEX.B01002e3,-1,-1;B01002m3 "B01002m3" true true false 8 Double 0 0,First,#,ACS_2019_5YR_TRACT_27_MINNESOTA,X01_AGE_AND_SEX.B01002m3,-1,-1;B01002Ae1 "B01002Ae1" true true false 8 Double 0 0,First,#,ACS_2019_5YR_TRACT_27_MINNESOTA,X01_AGE_AND_SEX.B01002Ae1,-1,-1;B01002Am1 "B01002Am1" true true false 8 Double 0 0,First,#,ACS_2019_5YR_TRACT_27_MINNESOTA,X01_AGE_AND_SEX.B01002Am1,-1,-1;B01002Ae2 "B01002Ae2" true true false 8 Double 0 0,First,#,ACS_2019_5YR_TRACT_27_MINNESOTA,X01_AGE_AND_SEX.B01002Ae2,-1,-1;B01002Am2 "B01002Am2" true true false 8 Double 0 0,First,#,ACS_2019_5YR_TRACT_27_MINNESOTA,X01_AGE_AND_SEX.B01002Am2,-1,-1;B01002Ae3 "B01002Ae3" true true false 8 Double 0 0,First,#,ACS_2019_5YR_TRACT_27_MINNESOTA,X01_AGE_AND_SEX.B01002Ae3,-1,-1;B01002Am3 "B01002Am3" true true false 8 Double 0 0,First,#,ACS_2019_5YR_TRACT_27_MINNESOTA,X01_AGE_AND_SEX.B01002Am3,-1,-1;B01002Be1 "B01002Be1" true true false 8 Double 0 0,First,#,ACS_2019_5YR_TRACT_27_MINNESOTA,X01_AGE_AND_SEX.B01002Be1,-1,-1;B01002Bm1 "B01002Bm1" true true false 8 Double 0 0,First,#,ACS_2019_5YR_TRACT_27_MINNESOTA,X01_AGE_AND_SEX.B01002Bm1,-1,-1;B01002Be2 "B01002Be2" true true false 8 Double 0 0,First,#,ACS_2019_5YR_TRACT_27_MINNESOTA,X01_AGE_AND_SEX.B01002Be2,-1,-1;B01002Bm2 "B01002Bm2" true true false 8 Double 0 0,First,#,ACS_2019_5YR_TRACT_27_MINNESOTA,X01_AGE_AND_SEX.B01002Bm2,-1,-1;B01002Be3 "B01002Be3" true true false 8 Double 0 0,First,#,ACS_2019_5YR_TRACT_27_MINNESOTA,X01_AGE_AND_SEX.B01002Be3,-1,-1;B01002Bm3 "B01002Bm3" true true false 8 Double 0 0,First,#,ACS_2019_5YR_TRACT_27_MINNESOTA,X01_AGE_AND_SEX.B01002Bm3,-1,-1;B01002Ce1 "B01002Ce1" true true false 8 Double 0 0,First,#,ACS_2019_5YR_TRACT_27_MINNESOTA,X01_AGE_AND_SEX.B01002Ce1,-1,-1;B01002Cm1 "B01002Cm1" true true false 8 Double 0 0,First,#,ACS_2019_5YR_TRACT_27_MINNESOTA,X01_AGE_AND_SEX.B01002Cm1,-1,-1;B01002Ce2 "B01002Ce2" true true false 8 Double 0 0,First,#,ACS_2019_5YR_TRACT_27_MINNESOTA,X01_AGE_AND_SEX.B01002Ce2,-1,-1;B01002Cm2 "B01002Cm2" true true false 8 Double 0 0,First,#,ACS_2019_5YR_TRACT_27_MINNESOTA,X01_AGE_AND_SEX.B01002Cm2,-1,-1;B01002Ce3 "B01002Ce3" true true false 8 Double 0 0,First,#,ACS_2019_5YR_TRACT_27_MINNESOTA,X01_AGE_AND_SEX.B01002Ce3,-1,-1;B01002Cm3 "B01002Cm3" true true false 8 Double 0 0,First,#,ACS_2019_5YR_TRACT_27_MINNESOTA,X01_AGE_AND_SEX.B01002Cm3,-1,-1;B01002De1 "B01002De1" true true false 8 Double 0 0,First,#,ACS_2019_5YR_TRACT_27_MINNESOTA,X01_AGE_AND_SEX.B01002De1,-1,-1;B01002Dm1 "B01002Dm1" true true false 8 Double 0 0,First,#,ACS_2019_5YR_TRACT_27_MINNESOTA,X01_AGE_AND_SEX.B01002Dm1,-1,-1;B01002De2 "B01002De2" true true false 8 Double 0 0,First,#,ACS_2019_5YR_TRACT_27_MINNESOTA,X01_AGE_AND_SEX.B01002De2,-1,-1;B01002Dm2 "B01002Dm2" true true false 8 Double 0 0,First,#,ACS_2019_5YR_TRACT_27_MINNESOTA,X01_AGE_AND_SEX.B01002Dm2,-1,-1;B01002De3 "B01002De3" true true false 8 Double 0 0,First,#,ACS_2019_5YR_TRACT_27_MINNESOTA,X01_AGE_AND_SEX.B01002De3,-1,-1;B01002Dm3 "B01002Dm3" true true false 8 Double 0 0,First,#,ACS_2019_5YR_TRACT_27_MINNESOTA,X01_AGE_AND_SEX.B01002Dm3,-1,-1;B01002Ee1 "B01002Ee1" true true false 8 Double 0 0,First,#,ACS_2019_5YR_TRACT_27_MINNESOTA,X01_AGE_AND_SEX.B01002Ee1,-1,-1;B01002Em1 "B01002Em1" true true false 8 Double 0 0,First,#,ACS_2019_5YR_TRACT_27_MINNESOTA,X01_AGE_AND_SEX.B01002Em1,-1,-1;B01002Ee2 "B01002Ee2" true true false 8 Double 0 0,First,#,ACS_2019_5YR_TRACT_27_MINNESOTA,X01_AGE_AND_SEX.B01002Ee2,-1,-1;B01002Em2 "B01002Em2" true true false 8 Double 0 0,First,#,ACS_2019_5YR_TRACT_27_MINNESOTA,X01_AGE_AND_SEX.B01002Em2,-1,-1;B01002Ee3 "B01002Ee3" true true false 8 Double 0 0,First,#,ACS_2019_5YR_TRACT_27_MINNESOTA,X01_AGE_AND_SEX.B01002Ee3,-1,-1;B01002Em3 "B01002Em3" true true false 8 Double 0 0,First,#,ACS_2019_5YR_TRACT_27_MINNESOTA,X01_AGE_AND_SEX.B01002Em3,-1,-1;B01002Fe1 "B01002Fe1" true true false 8 Double 0 0,First,#,ACS_2019_5YR_TRACT_27_MINNESOTA,X01_AGE_AND_SEX.B01002Fe1,-1,-1;B01002Fm1 "B01002Fm1" true true false 8 Double 0 0,First,#,ACS_2019_5YR_TRACT_27_MINNESOTA,X01_AGE_AND_SEX.B01002Fm1,-1,-1;B01002Fe2 "B01002Fe2" true true false 8 Double 0 0,First,#,ACS_2019_5YR_TRACT_27_MINNESOTA,X01_AGE_AND_SEX.B01002Fe2,-1,-1;B01002Fm2 "B01002Fm2" true true false 8 Double 0 0,First,#,ACS_2019_5YR_TRACT_27_MINNESOTA,X01_AGE_AND_SEX.B01002Fm2,-1,-1;B01002Fe3 "B01002Fe3" true true false 8 Double 0 0,First,#,ACS_2019_5YR_TRACT_27_MINNESOTA,X01_AGE_AND_SEX.B01002Fe3,-1,-1;B01002Fm3 "B01002Fm3" true true false 8 Double 0 0,First,#,ACS_2019_5YR_TRACT_27_MINNESOTA,X01_AGE_AND_SEX.B01002Fm3,-1,-1;B01002Ge1 "B01002Ge1" true true false 8 Double 0 0,First,#,ACS_2019_5YR_TRACT_27_MINNESOTA,X01_AGE_AND_SEX.B01002Ge1,-1,-1;B01002Gm1 "B01002Gm1" true true false 8 Double 0 0,First,#,ACS_2019_5YR_TRACT_27_MINNESOTA,X01_AGE_AND_SEX.B01002Gm1,-1,-1;B01002Ge2 "B01002Ge2" true true false 8 Double 0 0,First,#,ACS_2019_5YR_TRACT_27_MINNESOTA,X01_AGE_AND_SEX.B01002Ge2,-1,-1;B01002Gm2 "B01002Gm2" true true false 8 Double 0 0,First,#,ACS_2019_5YR_TRACT_27_MINNESOTA,X01_AGE_AND_SEX.B01002Gm2,-1,-1;B01002Ge3 "B01002Ge3" true true false 8 Double 0 0,First,#,ACS_2019_5YR_TRACT_27_MINNESOTA,X01_AGE_AND_SEX.B01002Ge3,-1,-1;B01002Gm3 "B01002Gm3" true true false 8 Double 0 0,First,#,ACS_2019_5YR_TRACT_27_MINNESOTA,X01_AGE_AND_SEX.B01002Gm3,-1,-1;B01002He1 "B01002He1" true true false 8 Double 0 0,First,#,ACS_2019_5YR_TRACT_27_MINNESOTA,X01_AGE_AND_SEX.B01002He1,-1,-1;B01002Hm1 "B01002Hm1" true true false 8 Double 0 0,First,#,ACS_2019_5YR_TRACT_27_MINNESOTA,X01_AGE_AND_SEX.B01002Hm1,-1,-1;B01002He2 "B01002He2" true true false 8 Double 0 0,First,#,ACS_2019_5YR_TRACT_27_MINNESOTA,X01_AGE_AND_SEX.B01002He2,-1,-1;B01002Hm2 "B01002Hm2" true true false 8 Double 0 0,First,#,ACS_2019_5YR_TRACT_27_MINNESOTA,X01_AGE_AND_SEX.B01002Hm2,-1,-1;B01002He3 "B01002He3" true true false 8 Double 0 0,First,#,ACS_2019_5YR_TRACT_27_MINNESOTA,X01_AGE_AND_SEX.B01002He3,-1,-1;B01002Hm3 "B01002Hm3" true true false 8 Double 0 0,First,#,ACS_2019_5YR_TRACT_27_MINNESOTA,X01_AGE_AND_SEX.B01002Hm3,-1,-1;B01002Ie1 "B01002Ie1" true true false 8 Double 0 0,First,#,ACS_2019_5YR_TRACT_27_MINNESOTA,X01_AGE_AND_SEX.B01002Ie1,-1,-1;B01002Im1 "B01002Im1" true true false 8 Double 0 0,First,#,ACS_2019_5YR_TRACT_27_MINNESOTA,X01_AGE_AND_SEX.B01002Im1,-1,-1;B01002Ie2 "B01002Ie2" true true false 8 Double 0 0,First,#,ACS_2019_5YR_TRACT_27_MINNESOTA,X01_AGE_AND_SEX.B01002Ie2,-1,-1;B01002Im2 "B01002Im2" true true false 8 Double 0 0,First,#,ACS_2019_5YR_TRACT_27_MINNESOTA,X01_AGE_AND_SEX.B01002Im2,-1,-1;B01002Ie3 "B01002Ie3" true true false 8 Double 0 0,First,#,ACS_2019_5YR_TRACT_27_MINNESOTA,X01_AGE_AND_SEX.B01002Ie3,-1,-1;B01002Im3 "B01002Im3" true true false 8 Double 0 0,First,#,ACS_2019_5YR_TRACT_27_MINNESOTA,X01_AGE_AND_SEX.B01002Im3,-1,-1;B01003e1 "B01003e1" true true false 8 Double 0 0,First,#,ACS_2019_5YR_TRACT_27_MINNESOTA,X01_AGE_AND_SEX.B01003e1,-1,-1;B01003m1 "B01003m1" true true false 8 Double 0 0,First,#,ACS_2019_5YR_TRACT_27_MINNESOTA,X01_AGE_AND_SEX.B01003m1,-1,-1" #</Process></lineage></DataProperties></Esri></metadata>
